scenario,weighted_mean_reliability
보수적 (Pessimistic),0.8354166666666667
보수적 (Pessimistic),0.8348333333333333
보수적 (Pessimistic),0.8311666666666667
보수적 (Pessimistic),0.8293333333333334
보수적 (Pessimistic),0.8298333333333333
보수적 (Pessimistic),0.8296666666666667
보수적 (Pessimistic),0.83125
보수적 (Pessimistic),0.8321666666666667
보수적 (Pessimistic),0.8321666666666667
보수적 (Pessimistic),0.8341666666666666
보수적 (Pessimistic),0.8353333333333334
보수적 (Pessimistic),0.8340833333333333
보수적 (Pessimistic),0.8359166666666666
보수적 (Pessimistic),0.8388333333333333
보수적 (Pessimistic),0.8431666666666666
보수적 (Pessimistic),0.8469166666666667
보수적 (Pessimistic),0.8469166666666667
보수적 (Pessimistic),0.84675
보수적 (Pessimistic),0.8471666666666666
보수적 (Pessimistic),0.8440833333333333
보수적 (Pessimistic),0.84
보수적 (Pessimistic),0.8413333333333334
보수적 (Pessimistic),0.8465833333333334
보수적 (Pessimistic),0.8471666666666666
보수적 (Pessimistic),0.8480833333333333
보수적 (Pessimistic),0.8466666666666667
보수적 (Pessimistic),0.8465833333333334
보수적 (Pessimistic),0.84825
보수적 (Pessimistic),0.8474166666666667
보수적 (Pessimistic),0.8433333333333334
보수적 (Pessimistic),0.84725
보수적 (Pessimistic),0.84525
보수적 (Pessimistic),0.8444166666666667
보수적 (Pessimistic),0.8444166666666667
보수적 (Pessimistic),0.8443333333333334
보수적 (Pessimistic),0.841
보수적 (Pessimistic),0.8416666666666667
보수적 (Pessimistic),0.84175
보수적 (Pessimistic),0.84575
보수적 (Pessimistic),0.852
보수적 (Pessimistic),0.8519166666666667
보수적 (Pessimistic),0.85125
보수적 (Pessimistic),0.8498333333333333
보수적 (Pessimistic),0.85075
보수적 (Pessimistic),0.8441666666666666
보수적 (Pessimistic),0.8424166666666667
보수적 (Pessimistic),0.8411666666666666
보수적 (Pessimistic),0.8360833333333333
보수적 (Pessimistic),0.8423333333333334
보수적 (Pessimistic),0.8431666666666666
보수적 (Pessimistic),0.8410833333333333
보수적 (Pessimistic),0.8431666666666666
보수적 (Pessimistic),0.84275
보수적 (Pessimistic),0.8378333333333333
보수적 (Pessimistic),0.83725
보수적 (Pessimistic),0.83675
보수적 (Pessimistic),0.8355
보수적 (Pessimistic),0.8335833333333333
보수적 (Pessimistic),0.8328333333333333
보수적 (Pessimistic),0.8295833333333333
보수적 (Pessimistic),0.8289166666666666
보수적 (Pessimistic),0.8276666666666667
보수적 (Pessimistic),0.8229166666666666
보수적 (Pessimistic),0.81975
보수적 (Pessimistic),0.8230833333333333
보수적 (Pessimistic),0.82275
보수적 (Pessimistic),0.82075
보수적 (Pessimistic),0.8219166666666666
보수적 (Pessimistic),0.8193333333333334
보수적 (Pessimistic),0.81725
보수적 (Pessimistic),0.8164166666666667
보수적 (Pessimistic),0.8155
보수적 (Pessimistic),0.8099166666666666
보수적 (Pessimistic),0.81325
보수적 (Pessimistic),0.818
보수적 (Pessimistic),0.82025
보수적 (Pessimistic),0.8189166666666666
보수적 (Pessimistic),0.821
보수적 (Pessimistic),0.8194166666666667
보수적 (Pessimistic),0.818
보수적 (Pessimistic),0.8183333333333334
보수적 (Pessimistic),0.8193333333333334
보수적 (Pessimistic),0.8185833333333333
보수적 (Pessimistic),0.8155
보수적 (Pessimistic),0.8184166666666667
보수적 (Pessimistic),0.8175833333333333
보수적 (Pessimistic),0.8170833333333334
보수적 (Pessimistic),0.8156666666666667
보수적 (Pessimistic),0.8179166666666666
보수적 (Pessimistic),0.8226666666666667
보수적 (Pessimistic),0.8185833333333333
보수적 (Pessimistic),0.8178333333333333
보수적 (Pessimistic),0.8161666666666667
보수적 (Pessimistic),0.81725
보수적 (Pessimistic),0.8141666666666667
보수적 (Pessimistic),0.8156666666666667
보수적 (Pessimistic),0.8194166666666667
보수적 (Pessimistic),0.82
보수적 (Pessimistic),0.8205833333333333
보수적 (Pessimistic),0.82125
보수적 (Pessimistic),0.8231666666666667
보수적 (Pessimistic),0.8236666666666667
보수적 (Pessimistic),0.8225833333333333
보수적 (Pessimistic),0.829
보수적 (Pessimistic),0.8264166666666667
보수적 (Pessimistic),0.8245
보수적 (Pessimistic),0.825
보수적 (Pessimistic),0.8279166666666666
보수적 (Pessimistic),0.8254166666666667
보수적 (Pessimistic),0.8269166666666666
보수적 (Pessimistic),0.8254166666666667
보수적 (Pessimistic),0.8195
보수적 (Pessimistic),0.818
보수적 (Pessimistic),0.816
보수적 (Pessimistic),0.8116666666666666
보수적 (Pessimistic),0.8145833333333333
보수적 (Pessimistic),0.819
보수적 (Pessimistic),0.81375
보수적 (Pessimistic),0.8170833333333334
보수적 (Pessimistic),0.8221666666666667
보수적 (Pessimistic),0.81775
보수적 (Pessimistic),0.8175833333333333
보수적 (Pessimistic),0.81675
보수적 (Pessimistic),0.81625
보수적 (Pessimistic),0.8119166666666666
보수적 (Pessimistic),0.8103333333333333
보수적 (Pessimistic),0.8078333333333333
보수적 (Pessimistic),0.808
보수적 (Pessimistic),0.8118333333333333
보수적 (Pessimistic),0.8105833333333333
보수적 (Pessimistic),0.8071666666666667
보수적 (Pessimistic),0.8116666666666666
보수적 (Pessimistic),0.8129166666666666
보수적 (Pessimistic),0.8146666666666667
보수적 (Pessimistic),0.8209166666666666
보수적 (Pessimistic),0.82075
보수적 (Pessimistic),0.8195
보수적 (Pessimistic),0.8208333333333333
보수적 (Pessimistic),0.8191666666666667
보수적 (Pessimistic),0.8181666666666667
보수적 (Pessimistic),0.8234166666666667
보수적 (Pessimistic),0.8261666666666667
보수적 (Pessimistic),0.8281666666666667
보수적 (Pessimistic),0.8265
보수적 (Pessimistic),0.8256666666666667
보수적 (Pessimistic),0.8275833333333333
보수적 (Pessimistic),0.8280833333333333
보수적 (Pessimistic),0.8329166666666666
보수적 (Pessimistic),0.8334166666666667
보수적 (Pessimistic),0.8323333333333334
보수적 (Pessimistic),0.8305
보수적 (Pessimistic),0.82775
보수적 (Pessimistic),0.8321666666666667
보수적 (Pessimistic),0.8296666666666667
보수적 (Pessimistic),0.8333333333333334
보수적 (Pessimistic),0.8385833333333333
보수적 (Pessimistic),0.837
보수적 (Pessimistic),0.8354166666666667
보수적 (Pessimistic),0.8350833333333333
보수적 (Pessimistic),0.8391666666666666
보수적 (Pessimistic),0.8469166666666667
보수적 (Pessimistic),0.847
보수적 (Pessimistic),0.8494166666666667
보수적 (Pessimistic),0.84575
보수적 (Pessimistic),0.8469166666666667
보수적 (Pessimistic),0.8431666666666666
보수적 (Pessimistic),0.8453333333333334
보수적 (Pessimistic),0.8425833333333334
보수적 (Pessimistic),0.8428333333333333
보수적 (Pessimistic),0.8421666666666666
보수적 (Pessimistic),0.8443333333333334
보수적 (Pessimistic),0.84
보수적 (Pessimistic),0.8383333333333334
보수적 (Pessimistic),0.8400833333333333
보수적 (Pessimistic),0.8429166666666666
보수적 (Pessimistic),0.8410833333333333
보수적 (Pessimistic),0.841
보수적 (Pessimistic),0.8395833333333333
보수적 (Pessimistic),0.8411666666666666
보수적 (Pessimistic),0.8435833333333334
보수적 (Pessimistic),0.8426666666666667
보수적 (Pessimistic),0.84125
보수적 (Pessimistic),0.8413333333333334
보수적 (Pessimistic),0.8409166666666666
보수적 (Pessimistic),0.83975
보수적 (Pessimistic),0.843
보수적 (Pessimistic),0.844
보수적 (Pessimistic),0.8435
보수적 (Pessimistic),0.8405
보수적 (Pessimistic),0.8425
보수적 (Pessimistic),0.8379166666666666
보수적 (Pessimistic),0.8331666666666667
보수적 (Pessimistic),0.8354166666666667
보수적 (Pessimistic),0.8353333333333334
보수적 (Pessimistic),0.8385833333333333
보수적 (Pessimistic),0.8363333333333334
보수적 (Pessimistic),0.8336666666666667
보수적 (Pessimistic),0.8384166666666667
보수적 (Pessimistic),0.8415833333333333
보수적 (Pessimistic),0.8410833333333333
보수적 (Pessimistic),0.84275
보수적 (Pessimistic),0.8386666666666667
보수적 (Pessimistic),0.83825
보수적 (Pessimistic),0.8330833333333333
보수적 (Pessimistic),0.8369166666666666
보수적 (Pessimistic),0.8370833333333333
보수적 (Pessimistic),0.8374166666666667
보수적 (Pessimistic),0.8345833333333333
보수적 (Pessimistic),0.8378333333333333
보수적 (Pessimistic),0.8365833333333333
보수적 (Pessimistic),0.8385
보수적 (Pessimistic),0.8385833333333333
보수적 (Pessimistic),0.8398333333333333
보수적 (Pessimistic),0.84125
보수적 (Pessimistic),0.84425
보수적 (Pessimistic),0.8475833333333334
보수적 (Pessimistic),0.8460833333333333
보수적 (Pessimistic),0.8400833333333333
보수적 (Pessimistic),0.84
보수적 (Pessimistic),0.8375
보수적 (Pessimistic),0.8343333333333334
보수적 (Pessimistic),0.8384166666666667
보수적 (Pessimistic),0.8386666666666667
보수적 (Pessimistic),0.8409166666666666
보수적 (Pessimistic),0.8446666666666667
보수적 (Pessimistic),0.8405
보수적 (Pessimistic),0.8413333333333334
보수적 (Pessimistic),0.8394166666666667
보수적 (Pessimistic),0.8386666666666667
보수적 (Pessimistic),0.8374166666666667
보수적 (Pessimistic),0.8346666666666667
보수적 (Pessimistic),0.836
보수적 (Pessimistic),0.8361666666666666
보수적 (Pessimistic),0.83425
보수적 (Pessimistic),0.8339166666666666
보수적 (Pessimistic),0.8365833333333333
보수적 (Pessimistic),0.8414166666666667
보수적 (Pessimistic),0.8450833333333333
보수적 (Pessimistic),0.8465833333333334
보수적 (Pessimistic),0.847
보수적 (Pessimistic),0.846
보수적 (Pessimistic),0.84675
보수적 (Pessimistic),0.8436666666666667
보수적 (Pessimistic),0.8430833333333333
보수적 (Pessimistic),0.8461666666666666
보수적 (Pessimistic),0.8455
보수적 (Pessimistic),0.8464166666666667
보수적 (Pessimistic),0.8434166666666667
보수적 (Pessimistic),0.8458333333333333
보수적 (Pessimistic),0.848
보수적 (Pessimistic),0.8490833333333333
보수적 (Pessimistic),0.8444166666666667
보수적 (Pessimistic),0.84275
보수적 (Pessimistic),0.8481666666666666
보수적 (Pessimistic),0.855
보수적 (Pessimistic),0.8536666666666667
보수적 (Pessimistic),0.8540833333333333
보수적 (Pessimistic),0.8576666666666667
보수적 (Pessimistic),0.8615833333333334
보수적 (Pessimistic),0.8614166666666667
보수적 (Pessimistic),0.86025
보수적 (Pessimistic),0.863
보수적 (Pessimistic),0.8649166666666667
보수적 (Pessimistic),0.8599166666666667
보수적 (Pessimistic),0.86075
보수적 (Pessimistic),0.8675833333333334
보수적 (Pessimistic),0.8685
보수적 (Pessimistic),0.8660833333333333
보수적 (Pessimistic),0.8628333333333333
보수적 (Pessimistic),0.865
보수적 (Pessimistic),0.8628333333333333
보수적 (Pessimistic),0.8678333333333333
보수적 (Pessimistic),0.864
보수적 (Pessimistic),0.865
보수적 (Pessimistic),0.8665
보수적 (Pessimistic),0.86525
보수적 (Pessimistic),0.8624166666666667
보수적 (Pessimistic),0.8628333333333333
보수적 (Pessimistic),0.8634166666666667
보수적 (Pessimistic),0.86825
보수적 (Pessimistic),0.869
보수적 (Pessimistic),0.8675833333333334
보수적 (Pessimistic),0.8689166666666667
보수적 (Pessimistic),0.8695833333333334
보수적 (Pessimistic),0.8710833333333333
보수적 (Pessimistic),0.8684166666666666
보수적 (Pessimistic),0.86475
보수적 (Pessimistic),0.8633333333333333
보수적 (Pessimistic),0.8596666666666667
보수적 (Pessimistic),0.8609166666666667
보수적 (Pessimistic),0.86225
보수적 (Pessimistic),0.8646666666666667
보수적 (Pessimistic),0.8664166666666666
보수적 (Pessimistic),0.866
보수적 (Pessimistic),0.866
보수적 (Pessimistic),0.8671666666666666
보수적 (Pessimistic),0.8713333333333333
보수적 (Pessimistic),0.8678333333333333
보수적 (Pessimistic),0.8661666666666666
보수적 (Pessimistic),0.8668333333333333
보수적 (Pessimistic),0.8701666666666666
보수적 (Pessimistic),0.8688333333333333
보수적 (Pessimistic),0.8688333333333333
보수적 (Pessimistic),0.8666666666666667
보수적 (Pessimistic),0.8713333333333333
보수적 (Pessimistic),0.8696666666666667
보수적 (Pessimistic),0.8696666666666667
보수적 (Pessimistic),0.87125
보수적 (Pessimistic),0.8650833333333333
보수적 (Pessimistic),0.8670833333333333
보수적 (Pessimistic),0.8706666666666667
보수적 (Pessimistic),0.86775
보수적 (Pessimistic),0.866
보수적 (Pessimistic),0.8675
보수적 (Pessimistic),0.8693333333333333
보수적 (Pessimistic),0.8686666666666667
보수적 (Pessimistic),0.8739166666666667
보수적 (Pessimistic),0.8675
보수적 (Pessimistic),0.8665
보수적 (Pessimistic),0.87325
보수적 (Pessimistic),0.8715
보수적 (Pessimistic),0.8760833333333333
보수적 (Pessimistic),0.87775
보수적 (Pessimistic),0.87625
보수적 (Pessimistic),0.87225
보수적 (Pessimistic),0.87375
보수적 (Pessimistic),0.8805833333333334
보수적 (Pessimistic),0.8755
보수적 (Pessimistic),0.8755
보수적 (Pessimistic),0.8731666666666666
보수적 (Pessimistic),0.87025
보수적 (Pessimistic),0.8715833333333334
보수적 (Pessimistic),0.8705
보수적 (Pessimistic),0.8705833333333334
보수적 (Pessimistic),0.8724166666666666
보수적 (Pessimistic),0.8751666666666666
보수적 (Pessimistic),0.8760833333333333
보수적 (Pessimistic),0.8765833333333334
보수적 (Pessimistic),0.87775
보수적 (Pessimistic),0.8835833333333334
보수적 (Pessimistic),0.8841666666666667
보수적 (Pessimistic),0.8853333333333333
보수적 (Pessimistic),0.884
보수적 (Pessimistic),0.88425
보수적 (Pessimistic),0.887
보수적 (Pessimistic),0.8854166666666666
보수적 (Pessimistic),0.8850833333333333
보수적 (Pessimistic),0.8801666666666667
보수적 (Pessimistic),0.8784166666666666
보수적 (Pessimistic),0.8780833333333333
보수적 (Pessimistic),0.8790833333333333
보수적 (Pessimistic),0.8761666666666666
보수적 (Pessimistic),0.8808333333333334
보수적 (Pessimistic),0.8845833333333334
보수적 (Pessimistic),0.883
보수적 (Pessimistic),0.8851666666666667
보수적 (Pessimistic),0.8853333333333333
보수적 (Pessimistic),0.8845833333333334
보수적 (Pessimistic),0.8870833333333333
보수적 (Pessimistic),0.8871666666666667
보수적 (Pessimistic),0.8884166666666666
보수적 (Pessimistic),0.8881666666666667
보수적 (Pessimistic),0.8851666666666667
보수적 (Pessimistic),0.8896666666666667
보수적 (Pessimistic),0.8873333333333333
보수적 (Pessimistic),0.8828333333333334
보수적 (Pessimistic),0.8851666666666667
보수적 (Pessimistic),0.8885
보수적 (Pessimistic),0.8919166666666667
보수적 (Pessimistic),0.8953333333333333
보수적 (Pessimistic),0.89325
보수적 (Pessimistic),0.8919166666666667
보수적 (Pessimistic),0.8909166666666667
보수적 (Pessimistic),0.8914166666666666
보수적 (Pessimistic),0.89225
보수적 (Pessimistic),0.8928333333333334
보수적 (Pessimistic),0.8951666666666667
보수적 (Pessimistic),0.8974166666666666
보수적 (Pessimistic),0.8995
보수적 (Pessimistic),0.89825
보수적 (Pessimistic),0.9015
보수적 (Pessimistic),0.89975
보수적 (Pessimistic),0.90125
보수적 (Pessimistic),0.8985
보수적 (Pessimistic),0.899
보수적 (Pessimistic),0.8960833333333333
보수적 (Pessimistic),0.8974166666666666
보수적 (Pessimistic),0.8994166666666666
보수적 (Pessimistic),0.8958333333333334
보수적 (Pessimistic),0.8911666666666667
보수적 (Pessimistic),0.8944166666666666
보수적 (Pessimistic),0.8971666666666667
보수적 (Pessimistic),0.8980833333333333
보수적 (Pessimistic),0.89725
보수적 (Pessimistic),0.8990833333333333
보수적 (Pessimistic),0.8960833333333333
보수적 (Pessimistic),0.891
보수적 (Pessimistic),0.8941666666666667
보수적 (Pessimistic),0.8945
보수적 (Pessimistic),0.8966666666666666
보수적 (Pessimistic),0.8973333333333333
보수적 (Pessimistic),0.8975
보수적 (Pessimistic),0.9019166666666667
보수적 (Pessimistic),0.9028333333333334
보수적 (Pessimistic),0.8988333333333334
보수적 (Pessimistic),0.9006666666666666
보수적 (Pessimistic),0.9020833333333333
보수적 (Pessimistic),0.8986666666666666
보수적 (Pessimistic),0.89875
보수적 (Pessimistic),0.8965833333333333
보수적 (Pessimistic),0.8965833333333333
보수적 (Pessimistic),0.9001666666666667
보수적 (Pessimistic),0.90125
보수적 (Pessimistic),0.90125
보수적 (Pessimistic),0.9000833333333333
보수적 (Pessimistic),0.8965833333333333
보수적 (Pessimistic),0.8955833333333333
보수적 (Pessimistic),0.897
보수적 (Pessimistic),0.8935
보수적 (Pessimistic),0.89325
보수적 (Pessimistic),0.8975833333333333
보수적 (Pessimistic),0.9000833333333333
보수적 (Pessimistic),0.9013333333333333
보수적 (Pessimistic),0.8980833333333333
보수적 (Pessimistic),0.8981666666666667
보수적 (Pessimistic),0.898
보수적 (Pessimistic),0.8956666666666667
보수적 (Pessimistic),0.8939166666666667
보수적 (Pessimistic),0.8960833333333333
보수적 (Pessimistic),0.8936666666666667
보수적 (Pessimistic),0.89
보수적 (Pessimistic),0.8935
보수적 (Pessimistic),0.89525
보수적 (Pessimistic),0.8948333333333334
보수적 (Pessimistic),0.8945
보수적 (Pessimistic),0.89375
보수적 (Pessimistic),0.8950833333333333
보수적 (Pessimistic),0.8965833333333333
보수적 (Pessimistic),0.8976666666666666
보수적 (Pessimistic),0.9014166666666666
보수적 (Pessimistic),0.90225
보수적 (Pessimistic),0.90275
보수적 (Pessimistic),0.901
보수적 (Pessimistic),0.9031666666666667
보수적 (Pessimistic),0.9005
보수적 (Pessimistic),0.901
보수적 (Pessimistic),0.9024166666666666
보수적 (Pessimistic),0.903
보수적 (Pessimistic),0.90775
보수적 (Pessimistic),0.90525
보수적 (Pessimistic),0.90075
보수적 (Pessimistic),0.9018333333333334
보수적 (Pessimistic),0.9009166666666667
보수적 (Pessimistic),0.9036666666666666
보수적 (Pessimistic),0.9079166666666667
보수적 (Pessimistic),0.9079166666666667
보수적 (Pessimistic),0.90725
보수적 (Pessimistic),0.9055
보수적 (Pessimistic),0.9035
보수적 (Pessimistic),0.9036666666666666
보수적 (Pessimistic),0.9026666666666666
보수적 (Pessimistic),0.9015833333333333
보수적 (Pessimistic),0.90825
보수적 (Pessimistic),0.9099166666666667
보수적 (Pessimistic),0.9081666666666667
보수적 (Pessimistic),0.9099166666666667
보수적 (Pessimistic),0.90575
보수적 (Pessimistic),0.9048333333333334
보수적 (Pessimistic),0.903
보수적 (Pessimistic),0.9039166666666667
보수적 (Pessimistic),0.9045
보수적 (Pessimistic),0.906
보수적 (Pessimistic),0.9045
보수적 (Pessimistic),0.90475
보수적 (Pessimistic),0.9040833333333333
보수적 (Pessimistic),0.9046666666666666
보수적 (Pessimistic),0.9049166666666667
보수적 (Pessimistic),0.9096666666666666
보수적 (Pessimistic),0.9063333333333333
보수적 (Pessimistic),0.9058333333333334
보수적 (Pessimistic),0.90675
보수적 (Pessimistic),0.9088333333333334
보수적 (Pessimistic),0.9119166666666667
보수적 (Pessimistic),0.9090833333333334
보수적 (Pessimistic),0.9066666666666666
보수적 (Pessimistic),0.9070833333333334
보수적 (Pessimistic),0.9050833333333334
보수적 (Pessimistic),0.9055833333333333
보수적 (Pessimistic),0.903
보수적 (Pessimistic),0.9028333333333334
보수적 (Pessimistic),0.8995833333333333
보수적 (Pessimistic),0.9006666666666666
보수적 (Pessimistic),0.9016666666666666
보수적 (Pessimistic),0.90025
보수적 (Pessimistic),0.903
보수적 (Pessimistic),0.8994166666666666
보수적 (Pessimistic),0.9008333333333334
보수적 (Pessimistic),0.8966666666666666
보수적 (Pessimistic),0.8963333333333333
보수적 (Pessimistic),0.8954166666666666
보수적 (Pessimistic),0.89375
보수적 (Pessimistic),0.8943333333333333
보수적 (Pessimistic),0.8930833333333333
보수적 (Pessimistic),0.8956666666666667
보수적 (Pessimistic),0.8981666666666667
보수적 (Pessimistic),0.90275
보수적 (Pessimistic),0.90075
보수적 (Pessimistic),0.9015
보수적 (Pessimistic),0.9050833333333334
보수적 (Pessimistic),0.90675
보수적 (Pessimistic),0.9078333333333334
보수적 (Pessimistic),0.9093333333333333
보수적 (Pessimistic),0.9115
보수적 (Pessimistic),0.9128333333333334
보수적 (Pessimistic),0.9088333333333334
보수적 (Pessimistic),0.9074166666666666
보수적 (Pessimistic),0.906
보수적 (Pessimistic),0.9076666666666666
보수적 (Pessimistic),0.9088333333333334
보수적 (Pessimistic),0.9085
보수적 (Pessimistic),0.9093333333333333
보수적 (Pessimistic),0.9101666666666667
보수적 (Pessimistic),0.9096666666666666
보수적 (Pessimistic),0.9094166666666667
보수적 (Pessimistic),0.9113333333333333
보수적 (Pessimistic),0.9078333333333334
보수적 (Pessimistic),0.9081666666666667
보수적 (Pessimistic),0.90875
보수적 (Pessimistic),0.908
보수적 (Pessimistic),0.9061666666666667
보수적 (Pessimistic),0.9101666666666667
보수적 (Pessimistic),0.9076666666666666
보수적 (Pessimistic),0.9095
보수적 (Pessimistic),0.90925
보수적 (Pessimistic),0.9116666666666666
보수적 (Pessimistic),0.9115
보수적 (Pessimistic),0.91225
보수적 (Pessimistic),0.9141666666666667
보수적 (Pessimistic),0.9161666666666667
보수적 (Pessimistic),0.9163333333333333
보수적 (Pessimistic),0.9135
보수적 (Pessimistic),0.9179166666666667
보수적 (Pessimistic),0.9148333333333334
보수적 (Pessimistic),0.9149166666666667
보수적 (Pessimistic),0.9175
보수적 (Pessimistic),0.91925
보수적 (Pessimistic),0.91975
보수적 (Pessimistic),0.92025
보수적 (Pessimistic),0.9184166666666667
보수적 (Pessimistic),0.9220833333333334
보수적 (Pessimistic),0.9185833333333333
보수적 (Pessimistic),0.9199166666666667
보수적 (Pessimistic),0.917
보수적 (Pessimistic),0.92075
보수적 (Pessimistic),0.922
보수적 (Pessimistic),0.92375
보수적 (Pessimistic),0.9229166666666667
보수적 (Pessimistic),0.92425
보수적 (Pessimistic),0.9261666666666667
보수적 (Pessimistic),0.92525
보수적 (Pessimistic),0.9243333333333333
보수적 (Pessimistic),0.9259166666666667
보수적 (Pessimistic),0.923
보수적 (Pessimistic),0.9218333333333333
보수적 (Pessimistic),0.9226666666666666
보수적 (Pessimistic),0.9251666666666667
보수적 (Pessimistic),0.9283333333333333
보수적 (Pessimistic),0.93175
보수적 (Pessimistic),0.9288333333333333
보수적 (Pessimistic),0.9308333333333333
보수적 (Pessimistic),0.9309166666666666
보수적 (Pessimistic),0.9345
보수적 (Pessimistic),0.9341666666666667
보수적 (Pessimistic),0.9333333333333333
보수적 (Pessimistic),0.93
보수적 (Pessimistic),0.9314166666666667
보수적 (Pessimistic),0.9313333333333333
보수적 (Pessimistic),0.9304166666666667
보수적 (Pessimistic),0.9321666666666667
보수적 (Pessimistic),0.93225
보수적 (Pessimistic),0.9298333333333333
보수적 (Pessimistic),0.9291666666666667
보수적 (Pessimistic),0.92675
보수적 (Pessimistic),0.9245833333333333
보수적 (Pessimistic),0.9263333333333333
보수적 (Pessimistic),0.92725
보수적 (Pessimistic),0.9261666666666667
보수적 (Pessimistic),0.9286666666666666
보수적 (Pessimistic),0.927
보수적 (Pessimistic),0.9268333333333333
보수적 (Pessimistic),0.9245
보수적 (Pessimistic),0.926
보수적 (Pessimistic),0.9271666666666667
보수적 (Pessimistic),0.9269166666666667
보수적 (Pessimistic),0.9265
보수적 (Pessimistic),0.9270833333333334
보수적 (Pessimistic),0.9276666666666666
보수적 (Pessimistic),0.92725
보수적 (Pessimistic),0.928
보수적 (Pessimistic),0.9265833333333333
보수적 (Pessimistic),0.9281666666666667
보수적 (Pessimistic),0.92875
보수적 (Pessimistic),0.92875
보수적 (Pessimistic),0.9294166666666667
보수적 (Pessimistic),0.9296666666666666
보수적 (Pessimistic),0.93075
보수적 (Pessimistic),0.93075
보수적 (Pessimistic),0.9310833333333334
보수적 (Pessimistic),0.93375
보수적 (Pessimistic),0.9358333333333333
보수적 (Pessimistic),0.9399166666666666
보수적 (Pessimistic),0.9384166666666667
보수적 (Pessimistic),0.9365
보수적 (Pessimistic),0.9355
보수적 (Pessimistic),0.93575
보수적 (Pessimistic),0.9385833333333333
보수적 (Pessimistic),0.935
보수적 (Pessimistic),0.9325833333333333
보수적 (Pessimistic),0.93325
보수적 (Pessimistic),0.9326666666666666
보수적 (Pessimistic),0.9326666666666666
보수적 (Pessimistic),0.9321666666666667
보수적 (Pessimistic),0.9335833333333333
보수적 (Pessimistic),0.9365833333333333
보수적 (Pessimistic),0.9365833333333333
보수적 (Pessimistic),0.9345
보수적 (Pessimistic),0.9356666666666666
보수적 (Pessimistic),0.9326666666666666
보수적 (Pessimistic),0.93425
보수적 (Pessimistic),0.9321666666666667
보수적 (Pessimistic),0.9333333333333333
보수적 (Pessimistic),0.93125
보수적 (Pessimistic),0.9275833333333333
보수적 (Pessimistic),0.93
보수적 (Pessimistic),0.9335
보수적 (Pessimistic),0.9318333333333333
보수적 (Pessimistic),0.93325
보수적 (Pessimistic),0.934
보수적 (Pessimistic),0.93675
보수적 (Pessimistic),0.9376666666666666
보수적 (Pessimistic),0.9339166666666666
보수적 (Pessimistic),0.9320833333333334
보수적 (Pessimistic),0.9359166666666666
보수적 (Pessimistic),0.9335
보수적 (Pessimistic),0.932
보수적 (Pessimistic),0.9353333333333333
보수적 (Pessimistic),0.9360833333333334
보수적 (Pessimistic),0.93675
보수적 (Pessimistic),0.9361666666666667
보수적 (Pessimistic),0.9346666666666666
보수적 (Pessimistic),0.9344166666666667
보수적 (Pessimistic),0.9336666666666666
보수적 (Pessimistic),0.93275
보수적 (Pessimistic),0.93275
보수적 (Pessimistic),0.9324166666666667
보수적 (Pessimistic),0.9315
보수적 (Pessimistic),0.93225
보수적 (Pessimistic),0.9343333333333333
보수적 (Pessimistic),0.9365833333333333
보수적 (Pessimistic),0.9394166666666667
보수적 (Pessimistic),0.9405833333333333
보수적 (Pessimistic),0.9386666666666666
보수적 (Pessimistic),0.939
보수적 (Pessimistic),0.9375
보수적 (Pessimistic),0.938
보수적 (Pessimistic),0.9386666666666666
보수적 (Pessimistic),0.9355833333333333
보수적 (Pessimistic),0.9355833333333333
보수적 (Pessimistic),0.93525
보수적 (Pessimistic),0.9355
보수적 (Pessimistic),0.9361666666666667
보수적 (Pessimistic),0.9374166666666667
보수적 (Pessimistic),0.9344166666666667
보수적 (Pessimistic),0.9386666666666666
보수적 (Pessimistic),0.9361666666666667
보수적 (Pessimistic),0.9346666666666666
보수적 (Pessimistic),0.9355833333333333
보수적 (Pessimistic),0.9338333333333333
보수적 (Pessimistic),0.935
보수적 (Pessimistic),0.9370833333333334
보수적 (Pessimistic),0.9371666666666667
보수적 (Pessimistic),0.9341666666666667
보수적 (Pessimistic),0.932
보수적 (Pessimistic),0.93525
보수적 (Pessimistic),0.9345833333333333
보수적 (Pessimistic),0.934
보수적 (Pessimistic),0.9319166666666666
보수적 (Pessimistic),0.93175
보수적 (Pessimistic),0.9338333333333333
보수적 (Pessimistic),0.9335833333333333
보수적 (Pessimistic),0.9339166666666666
보수적 (Pessimistic),0.93375
보수적 (Pessimistic),0.9336666666666666
보수적 (Pessimistic),0.93125
보수적 (Pessimistic),0.9321666666666667
보수적 (Pessimistic),0.9285833333333333
보수적 (Pessimistic),0.9280833333333334
보수적 (Pessimistic),0.93125
보수적 (Pessimistic),0.9280833333333334
보수적 (Pessimistic),0.9265
보수적 (Pessimistic),0.9255
보수적 (Pessimistic),0.9285833333333333
보수적 (Pessimistic),0.9269166666666667
보수적 (Pessimistic),0.9266666666666666
보수적 (Pessimistic),0.9254166666666667
보수적 (Pessimistic),0.9254166666666667
보수적 (Pessimistic),0.9228333333333333
보수적 (Pessimistic),0.9220833333333334
보수적 (Pessimistic),0.9216666666666666
보수적 (Pessimistic),0.92475
보수적 (Pessimistic),0.9254166666666667
보수적 (Pessimistic),0.9268333333333333
보수적 (Pessimistic),0.93025
보수적 (Pessimistic),0.9295833333333333
보수적 (Pessimistic),0.9333333333333333
보수적 (Pessimistic),0.9335833333333333
보수적 (Pessimistic),0.9335833333333333
보수적 (Pessimistic),0.9310833333333334
보수적 (Pessimistic),0.9323333333333333
보수적 (Pessimistic),0.9340833333333334
보수적 (Pessimistic),0.9331666666666667
보수적 (Pessimistic),0.9273333333333333
보수적 (Pessimistic),0.93025
보수적 (Pessimistic),0.9295833333333333
보수적 (Pessimistic),0.9248333333333333
보수적 (Pessimistic),0.9235833333333333
보수적 (Pessimistic),0.9225
보수적 (Pessimistic),0.9250833333333334
보수적 (Pessimistic),0.92375
보수적 (Pessimistic),0.9249166666666667
보수적 (Pessimistic),0.92425
보수적 (Pessimistic),0.9230833333333334
보수적 (Pessimistic),0.9241666666666667
보수적 (Pessimistic),0.9234166666666667
보수적 (Pessimistic),0.9231666666666667
보수적 (Pessimistic),0.9218333333333333
보수적 (Pessimistic),0.9190833333333334
보수적 (Pessimistic),0.92025
보수적 (Pessimistic),0.9184166666666667
보수적 (Pessimistic),0.9190833333333334
보수적 (Pessimistic),0.9169166666666667
보수적 (Pessimistic),0.9125
보수적 (Pessimistic),0.91125
보수적 (Pessimistic),0.9086666666666666
보수적 (Pessimistic),0.9081666666666667
보수적 (Pessimistic),0.9105833333333333
보수적 (Pessimistic),0.9121666666666667
보수적 (Pessimistic),0.9074166666666666
보수적 (Pessimistic),0.9089166666666667
보수적 (Pessimistic),0.9071666666666667
보수적 (Pessimistic),0.9075
보수적 (Pessimistic),0.9065
보수적 (Pessimistic),0.9089166666666667
보수적 (Pessimistic),0.9078333333333334
보수적 (Pessimistic),0.9073333333333333
보수적 (Pessimistic),0.9074166666666666
보수적 (Pessimistic),0.9064166666666666
보수적 (Pessimistic),0.905
보수적 (Pessimistic),0.9055833333333333
보수적 (Pessimistic),0.9066666666666666
보수적 (Pessimistic),0.908
보수적 (Pessimistic),0.90725
보수적 (Pessimistic),0.9105833333333333
보수적 (Pessimistic),0.9078333333333334
보수적 (Pessimistic),0.9070833333333334
보수적 (Pessimistic),0.9104166666666667
보수적 (Pessimistic),0.9146666666666666
보수적 (Pessimistic),0.9114166666666667
보수적 (Pessimistic),0.908
보수적 (Pessimistic),0.9069166666666667
보수적 (Pessimistic),0.90475
보수적 (Pessimistic),0.8998333333333334
보수적 (Pessimistic),0.8999166666666667
보수적 (Pessimistic),0.8988333333333334
보수적 (Pessimistic),0.898
보수적 (Pessimistic),0.9006666666666666
보수적 (Pessimistic),0.9001666666666667
보수적 (Pessimistic),0.9016666666666666
보수적 (Pessimistic),0.9066666666666666
보수적 (Pessimistic),0.9075
보수적 (Pessimistic),0.9083333333333333
보수적 (Pessimistic),0.9070833333333334
보수적 (Pessimistic),0.9075833333333333
보수적 (Pessimistic),0.908
보수적 (Pessimistic),0.906
보수적 (Pessimistic),0.9018333333333334
보수적 (Pessimistic),0.9038333333333334
보수적 (Pessimistic),0.9045
보수적 (Pessimistic),0.9055833333333333
보수적 (Pessimistic),0.9055833333333333
보수적 (Pessimistic),0.90325
보수적 (Pessimistic),0.905
보수적 (Pessimistic),0.90725
보수적 (Pessimistic),0.9035833333333333
보수적 (Pessimistic),0.9016666666666666
보수적 (Pessimistic),0.8994166666666666
보수적 (Pessimistic),0.8973333333333333
보수적 (Pessimistic),0.8970833333333333
보수적 (Pessimistic),0.8944166666666666
보수적 (Pessimistic),0.8958333333333334
보수적 (Pessimistic),0.8958333333333334
보수적 (Pessimistic),0.8965
보수적 (Pessimistic),0.8964166666666666
보수적 (Pessimistic),0.8998333333333334
보수적 (Pessimistic),0.9000833333333333
보수적 (Pessimistic),0.90325
보수적 (Pessimistic),0.8991666666666667
보수적 (Pessimistic),0.8998333333333334
보수적 (Pessimistic),0.8986666666666666
보수적 (Pessimistic),0.8996666666666666
보수적 (Pessimistic),0.9005
보수적 (Pessimistic),0.8998333333333334
보수적 (Pessimistic),0.8981666666666667
보수적 (Pessimistic),0.8945833333333333
보수적 (Pessimistic),0.8961666666666667
보수적 (Pessimistic),0.894
보수적 (Pessimistic),0.8943333333333333
보수적 (Pessimistic),0.89675
보수적 (Pessimistic),0.8973333333333333
보수적 (Pessimistic),0.8969166666666667
보수적 (Pessimistic),0.8901666666666667
보수적 (Pessimistic),0.8968333333333334
보수적 (Pessimistic),0.8948333333333334
보수적 (Pessimistic),0.8946666666666667
보수적 (Pessimistic),0.8976666666666666
보수적 (Pessimistic),0.89975
보수적 (Pessimistic),0.9000833333333333
보수적 (Pessimistic),0.9005833333333333
보수적 (Pessimistic),0.9005
보수적 (Pessimistic),0.9000833333333333
보수적 (Pessimistic),0.8998333333333334
보수적 (Pessimistic),0.8980833333333333
보수적 (Pessimistic),0.8975
보수적 (Pessimistic),0.8976666666666666
보수적 (Pessimistic),0.8988333333333334
보수적 (Pessimistic),0.902
보수적 (Pessimistic),0.9011666666666667
보수적 (Pessimistic),0.8984166666666666
보수적 (Pessimistic),0.9023333333333333
보수적 (Pessimistic),0.9043333333333333
보수적 (Pessimistic),0.90475
보수적 (Pessimistic),0.9056666666666666
보수적 (Pessimistic),0.9079166666666667
보수적 (Pessimistic),0.9055
보수적 (Pessimistic),0.9014166666666666
보수적 (Pessimistic),0.89725
보수적 (Pessimistic),0.8965
보수적 (Pessimistic),0.8964166666666666
보수적 (Pessimistic),0.89775
보수적 (Pessimistic),0.8976666666666666
보수적 (Pessimistic),0.8974166666666666
보수적 (Pessimistic),0.8971666666666667
보수적 (Pessimistic),0.89875
보수적 (Pessimistic),0.8991666666666667
보수적 (Pessimistic),0.9028333333333334
보수적 (Pessimistic),0.8975
보수적 (Pessimistic),0.8994166666666666
보수적 (Pessimistic),0.8964166666666666
보수적 (Pessimistic),0.8959166666666667
보수적 (Pessimistic),0.898
보수적 (Pessimistic),0.89775
보수적 (Pessimistic),0.89925
보수적 (Pessimistic),0.90025
보수적 (Pessimistic),0.8975833333333333
보수적 (Pessimistic),0.8983333333333333
보수적 (Pessimistic),0.8985833333333333
보수적 (Pessimistic),0.8929166666666667
보수적 (Pessimistic),0.8905
보수적 (Pessimistic),0.89
보수적 (Pessimistic),0.8894166666666666
보수적 (Pessimistic),0.8850833333333333
보수적 (Pessimistic),0.8833333333333333
보수적 (Pessimistic),0.887
보수적 (Pessimistic),0.8846666666666667
보수적 (Pessimistic),0.8844166666666666
보수적 (Pessimistic),0.8863333333333333
보수적 (Pessimistic),0.8880833333333333
보수적 (Pessimistic),0.8880833333333333
보수적 (Pessimistic),0.888
보수적 (Pessimistic),0.88875
보수적 (Pessimistic),0.8900833333333333
보수적 (Pessimistic),0.8906666666666667
보수적 (Pessimistic),0.88975
보수적 (Pessimistic),0.8905
보수적 (Pessimistic),0.8913333333333333
보수적 (Pessimistic),0.8880833333333333
보수적 (Pessimistic),0.8855833333333333
보수적 (Pessimistic),0.889
보수적 (Pessimistic),0.8869166666666667
보수적 (Pessimistic),0.8848333333333334
보수적 (Pessimistic),0.8869166666666667
보수적 (Pessimistic),0.89075
보수적 (Pessimistic),0.89
보수적 (Pessimistic),0.8900833333333333
보수적 (Pessimistic),0.89125
보수적 (Pessimistic),0.8920833333333333
보수적 (Pessimistic),0.8904166666666666
보수적 (Pessimistic),0.8909166666666667
보수적 (Pessimistic),0.8903333333333333
보수적 (Pessimistic),0.8899166666666667
보수적 (Pessimistic),0.8940833333333333
보수적 (Pessimistic),0.894
보수적 (Pessimistic),0.8945
보수적 (Pessimistic),0.8933333333333333
보수적 (Pessimistic),0.891
보수적 (Pessimistic),0.8879166666666667
보수적 (Pessimistic),0.8865833333333333
보수적 (Pessimistic),0.8855833333333333
보수적 (Pessimistic),0.8879166666666667
보수적 (Pessimistic),0.8903333333333333
보수적 (Pessimistic),0.8935
보수적 (Pessimistic),0.8911666666666667
보수적 (Pessimistic),0.8915833333333333
보수적 (Pessimistic),0.8886666666666667
보수적 (Pessimistic),0.8894166666666666
보수적 (Pessimistic),0.8925
보수적 (Pessimistic),0.8909166666666667
보수적 (Pessimistic),0.88775
보수적 (Pessimistic),0.8894166666666666
보수적 (Pessimistic),0.8841666666666667
보수적 (Pessimistic),0.8859166666666667
보수적 (Pessimistic),0.8883333333333333
보수적 (Pessimistic),0.8914166666666666
보수적 (Pessimistic),0.892
보수적 (Pessimistic),0.895
보수적 (Pessimistic),0.897
보수적 (Pessimistic),0.8995833333333333
보수적 (Pessimistic),0.8978333333333334
보수적 (Pessimistic),0.89675
보수적 (Pessimistic),0.89775
보수적 (Pessimistic),0.9
보수적 (Pessimistic),0.9005833333333333
보수적 (Pessimistic),0.9041666666666667
보수적 (Pessimistic),0.9015
보수적 (Pessimistic),0.9011666666666667
보수적 (Pessimistic),0.8971666666666667
보수적 (Pessimistic),0.8960833333333333
보수적 (Pessimistic),0.89425
보수적 (Pessimistic),0.8973333333333333
보수적 (Pessimistic),0.8940833333333333
보수적 (Pessimistic),0.8928333333333334
보수적 (Pessimistic),0.89325
보수적 (Pessimistic),0.8959166666666667
보수적 (Pessimistic),0.8943333333333333
보수적 (Pessimistic),0.8949166666666667
보수적 (Pessimistic),0.8924166666666666
보수적 (Pessimistic),0.8963333333333333
보수적 (Pessimistic),0.8945833333333333
보수적 (Pessimistic),0.896
보수적 (Pessimistic),0.8985
보수적 (Pessimistic),0.8929166666666667
보수적 (Pessimistic),0.89275
보수적 (Pessimistic),0.8939166666666667
보수적 (Pessimistic),0.88875
보수적 (Pessimistic),0.8866666666666667
보수적 (Pessimistic),0.8838333333333334
보수적 (Pessimistic),0.88075
보수적 (Pessimistic),0.88275
보수적 (Pessimistic),0.8826666666666667
보수적 (Pessimistic),0.8798333333333334
보수적 (Pessimistic),0.87775
보수적 (Pessimistic),0.8754166666666666
보수적 (Pessimistic),0.8739166666666667
보수적 (Pessimistic),0.8713333333333333
보수적 (Pessimistic),0.8754166666666666
보수적 (Pessimistic),0.8721666666666666
보수적 (Pessimistic),0.8760833333333333
보수적 (Pessimistic),0.8793333333333333
보수적 (Pessimistic),0.8825833333333334
보수적 (Pessimistic),0.8815833333333334
보수적 (Pessimistic),0.8808333333333334
보수적 (Pessimistic),0.8843333333333333
보수적 (Pessimistic),0.8793333333333333
보수적 (Pessimistic),0.8785
보수적 (Pessimistic),0.87725
보수적 (Pessimistic),0.8775
보수적 (Pessimistic),0.8775
보수적 (Pessimistic),0.8783333333333333
보수적 (Pessimistic),0.8763333333333333
보수적 (Pessimistic),0.87975
보수적 (Pessimistic),0.8815833333333334
보수적 (Pessimistic),0.8818333333333334
보수적 (Pessimistic),0.88325
보수적 (Pessimistic),0.8840833333333333
보수적 (Pessimistic),0.8850833333333333
보수적 (Pessimistic),0.88625
보수적 (Pessimistic),0.88725
보수적 (Pessimistic),0.8853333333333333
보수적 (Pessimistic),0.8853333333333333
보수적 (Pessimistic),0.8870833333333333
보수적 (Pessimistic),0.8899166666666667
보수적 (Pessimistic),0.891
보수적 (Pessimistic),0.8930833333333333
보수적 (Pessimistic),0.8925833333333333
보수적 (Pessimistic),0.891
보수적 (Pessimistic),0.8958333333333334
보수적 (Pessimistic),0.8956666666666667
보수적 (Pessimistic),0.894
보수적 (Pessimistic),0.8965833333333333
보수적 (Pessimistic),0.8990833333333333
보수적 (Pessimistic),0.9035
보수적 (Pessimistic),0.9035833333333333
보수적 (Pessimistic),0.9025
보수적 (Pessimistic),0.9050833333333334
보수적 (Pessimistic),0.9056666666666666
보수적 (Pessimistic),0.9095
보수적 (Pessimistic),0.9085833333333333
보수적 (Pessimistic),0.9071666666666667
보수적 (Pessimistic),0.908
보수적 (Pessimistic),0.9093333333333333
보수적 (Pessimistic),0.9085
보수적 (Pessimistic),0.9104166666666667
보수적 (Pessimistic),0.9134166666666667
보수적 (Pessimistic),0.91325
보수적 (Pessimistic),0.9151666666666667
보수적 (Pessimistic),0.9140833333333334
보수적 (Pessimistic),0.9145833333333333
보수적 (Pessimistic),0.91675
보수적 (Pessimistic),0.914
보수적 (Pessimistic),0.91475
보수적 (Pessimistic),0.9135
보수적 (Pessimistic),0.9153333333333333
보수적 (Pessimistic),0.9126666666666666
보수적 (Pessimistic),0.9140833333333334
보수적 (Pessimistic),0.9148333333333334
보수적 (Pessimistic),0.9066666666666666
보수적 (Pessimistic),0.9095
보수적 (Pessimistic),0.9134166666666667
보수적 (Pessimistic),0.9135833333333333
보수적 (Pessimistic),0.908
보수적 (Pessimistic),0.9059166666666667
보수적 (Pessimistic),0.90475
보수적 (Pessimistic),0.9056666666666666
보수적 (Pessimistic),0.9035
보수적 (Pessimistic),0.9035833333333333
보수적 (Pessimistic),0.8991666666666667
보수적 (Pessimistic),0.8978333333333334
보수적 (Pessimistic),0.8954166666666666
보수적 (Pessimistic),0.8956666666666667
보수적 (Pessimistic),0.8985
보수적 (Pessimistic),0.9035833333333333
보수적 (Pessimistic),0.9010833333333333
보수적 (Pessimistic),0.9029166666666667
보수적 (Pessimistic),0.9038333333333334
보수적 (Pessimistic),0.8996666666666666
보수적 (Pessimistic),0.898
보수적 (Pessimistic),0.9020833333333333
보수적 (Pessimistic),0.9020833333333333
보수적 (Pessimistic),0.9048333333333334
보수적 (Pessimistic),0.9013333333333333
보수적 (Pessimistic),0.9021666666666667
보수적 (Pessimistic),0.9003333333333333
보수적 (Pessimistic),0.899
보수적 (Pessimistic),0.9
보수적 (Pessimistic),0.89825
보수적 (Pessimistic),0.9018333333333334
보수적 (Pessimistic),0.9045833333333333
보수적 (Pessimistic),0.9028333333333334
보수적 (Pessimistic),0.9026666666666666
보수적 (Pessimistic),0.90225
보수적 (Pessimistic),0.9055
보수적 (Pessimistic),0.90675
보수적 (Pessimistic),0.9065
보수적 (Pessimistic),0.9096666666666666
보수적 (Pessimistic),0.9096666666666666
보수적 (Pessimistic),0.9116666666666666
보수적 (Pessimistic),0.9128333333333334
보수적 (Pessimistic),0.9129166666666667
보수적 (Pessimistic),0.9151666666666667
보수적 (Pessimistic),0.9124166666666667
보수적 (Pessimistic),0.9121666666666667
보수적 (Pessimistic),0.9095833333333333
보수적 (Pessimistic),0.9091666666666667
보수적 (Pessimistic),0.9075
보수적 (Pessimistic),0.9080833333333334
보수적 (Pessimistic),0.91225
보수적 (Pessimistic),0.9145833333333333
보수적 (Pessimistic),0.9188333333333333
보수적 (Pessimistic),0.9186666666666666
보수적 (Pessimistic),0.9238333333333333
보수적 (Pessimistic),0.9238333333333333
보수적 (Pessimistic),0.9208333333333333
보수적 (Pessimistic),0.921
보수적 (Pessimistic),0.92225
보수적 (Pessimistic),0.9225
보수적 (Pessimistic),0.9246666666666666
보수적 (Pessimistic),0.9230833333333334
보수적 (Pessimistic),0.9216666666666666
보수적 (Pessimistic),0.9199166666666667
보수적 (Pessimistic),0.916
보수적 (Pessimistic),0.9178333333333333
보수적 (Pessimistic),0.917
보수적 (Pessimistic),0.917
보수적 (Pessimistic),0.91075
보수적 (Pessimistic),0.9099166666666667
보수적 (Pessimistic),0.9043333333333333
보수적 (Pessimistic),0.9060833333333334
보수적 (Pessimistic),0.9064166666666666
보수적 (Pessimistic),0.9065833333333333
보수적 (Pessimistic),0.9113333333333333
보수적 (Pessimistic),0.9139166666666667
보수적 (Pessimistic),0.9134166666666667
보수적 (Pessimistic),0.9161666666666667
보수적 (Pessimistic),0.9115833333333333
보수적 (Pessimistic),0.9115833333333333
보수적 (Pessimistic),0.9134166666666667
보수적 (Pessimistic),0.9110833333333334
보수적 (Pessimistic),0.9070833333333334
보수적 (Pessimistic),0.9050833333333334
보수적 (Pessimistic),0.906
보수적 (Pessimistic),0.9108333333333334
보수적 (Pessimistic),0.912
보수적 (Pessimistic),0.9058333333333334
보수적 (Pessimistic),0.9068333333333334
보수적 (Pessimistic),0.909
보수적 (Pessimistic),0.90875
보수적 (Pessimistic),0.90775
보수적 (Pessimistic),0.9095833333333333
보수적 (Pessimistic),0.9094166666666667
보수적 (Pessimistic),0.912
보수적 (Pessimistic),0.9139166666666667
보수적 (Pessimistic),0.9105833333333333
보수적 (Pessimistic),0.9115833333333333
보수적 (Pessimistic),0.9140833333333334
보수적 (Pessimistic),0.9136666666666666
보수적 (Pessimistic),0.9145
보수적 (Pessimistic),0.9145833333333333
보수적 (Pessimistic),0.9135
보수적 (Pessimistic),0.9161666666666667
보수적 (Pessimistic),0.9165
보수적 (Pessimistic),0.9165833333333333
보수적 (Pessimistic),0.915
보수적 (Pessimistic),0.9165
보수적 (Pessimistic),0.9179166666666667
보수적 (Pessimistic),0.9213333333333333
보수적 (Pessimistic),0.9198333333333333
보수적 (Pessimistic),0.9159166666666667
보수적 (Pessimistic),0.9184166666666667
보수적 (Pessimistic),0.917
보수적 (Pessimistic),0.9175833333333333
보수적 (Pessimistic),0.92025
보수적 (Pessimistic),0.921
보수적 (Pessimistic),0.9218333333333333
보수적 (Pessimistic),0.9211666666666667
보수적 (Pessimistic),0.92325
보수적 (Pessimistic),0.9216666666666666
보수적 (Pessimistic),0.9230833333333334
보수적 (Pessimistic),0.9271666666666667
보수적 (Pessimistic),0.928
보수적 (Pessimistic),0.92525
보수적 (Pessimistic),0.9240833333333334
보수적 (Pessimistic),0.9248333333333333
보수적 (Pessimistic),0.9245
보수적 (Pessimistic),0.922
보수적 (Pessimistic),0.92125
보수적 (Pessimistic),0.9204166666666667
보수적 (Pessimistic),0.9190833333333334
보수적 (Pessimistic),0.9194166666666667
보수적 (Pessimistic),0.9205833333333333
보수적 (Pessimistic),0.9188333333333333
보수적 (Pessimistic),0.9171666666666667
보수적 (Pessimistic),0.9165
보수적 (Pessimistic),0.91575
보수적 (Pessimistic),0.9159166666666667
보수적 (Pessimistic),0.9156666666666666
보수적 (Pessimistic),0.9165
보수적 (Pessimistic),0.9141666666666667
보수적 (Pessimistic),0.9141666666666667
보수적 (Pessimistic),0.9150833333333334
보수적 (Pessimistic),0.9158333333333334
보수적 (Pessimistic),0.9150833333333334
보수적 (Pessimistic),0.91375
보수적 (Pessimistic),0.9104166666666667
보수적 (Pessimistic),0.914
보수적 (Pessimistic),0.9149166666666667
보수적 (Pessimistic),0.9165
보수적 (Pessimistic),0.9170833333333334
보수적 (Pessimistic),0.9159166666666667
보수적 (Pessimistic),0.9124166666666667
보수적 (Pessimistic),0.9128333333333334
보수적 (Pessimistic),0.9085
보수적 (Pessimistic),0.91025
보수적 (Pessimistic),0.9076666666666666
보수적 (Pessimistic),0.9109166666666667
보수적 (Pessimistic),0.911
보수적 (Pessimistic),0.9094166666666667
보수적 (Pessimistic),0.9098333333333334
보수적 (Pessimistic),0.90925
보수적 (Pessimistic),0.908
보수적 (Pessimistic),0.9078333333333334
보수적 (Pessimistic),0.90175
보수적 (Pessimistic),0.9054166666666666
보수적 (Pessimistic),0.9054166666666666
보수적 (Pessimistic),0.90525
보수적 (Pessimistic),0.9068333333333334
보수적 (Pessimistic),0.90575
보수적 (Pessimistic),0.904
보수적 (Pessimistic),0.9060833333333334
보수적 (Pessimistic),0.90225
보수적 (Pessimistic),0.9019166666666667
보수적 (Pessimistic),0.9033333333333333
보수적 (Pessimistic),0.9045
보수적 (Pessimistic),0.9080833333333334
보수적 (Pessimistic),0.90775
보수적 (Pessimistic),0.90675
보수적 (Pessimistic),0.9045
보수적 (Pessimistic),0.9046666666666666
보수적 (Pessimistic),0.90475
보수적 (Pessimistic),0.9085
보수적 (Pessimistic),0.90575
보수적 (Pessimistic),0.903
보수적 (Pessimistic),0.901
보수적 (Pessimistic),0.90425
보수적 (Pessimistic),0.9046666666666666
보수적 (Pessimistic),0.90675
보수적 (Pessimistic),0.9066666666666666
보수적 (Pessimistic),0.90425
보수적 (Pessimistic),0.8996666666666666
보수적 (Pessimistic),0.9020833333333333
보수적 (Pessimistic),0.9015833333333333
보수적 (Pessimistic),0.9009166666666667
보수적 (Pessimistic),0.90225
보수적 (Pessimistic),0.9021666666666667
보수적 (Pessimistic),0.9019166666666667
보수적 (Pessimistic),0.901
보수적 (Pessimistic),0.8990833333333333
보수적 (Pessimistic),0.899
보수적 (Pessimistic),0.89675
보수적 (Pessimistic),0.8940833333333333
보수적 (Pessimistic),0.8936666666666667
보수적 (Pessimistic),0.8944166666666666
보수적 (Pessimistic),0.8968333333333334
보수적 (Pessimistic),0.8968333333333334
보수적 (Pessimistic),0.89675
보수적 (Pessimistic),0.8980833333333333
보수적 (Pessimistic),0.8996666666666666
보수적 (Pessimistic),0.9010833333333333
보수적 (Pessimistic),0.9036666666666666
보수적 (Pessimistic),0.9068333333333334
보수적 (Pessimistic),0.90675
보수적 (Pessimistic),0.9021666666666667
보수적 (Pessimistic),0.9018333333333334
보수적 (Pessimistic),0.8996666666666666
보수적 (Pessimistic),0.8996666666666666
보수적 (Pessimistic),0.90025
보수적 (Pessimistic),0.9019166666666667
보수적 (Pessimistic),0.9028333333333334
보수적 (Pessimistic),0.90225
보수적 (Pessimistic),0.9006666666666666
보수적 (Pessimistic),0.9015833333333333
보수적 (Pessimistic),0.9010833333333333
보수적 (Pessimistic),0.8998333333333334
보수적 (Pessimistic),0.8998333333333334
보수적 (Pessimistic),0.89875
보수적 (Pessimistic),0.9001666666666667
보수적 (Pessimistic),0.8985833333333333
보수적 (Pessimistic),0.8964166666666666
보수적 (Pessimistic),0.89675
보수적 (Pessimistic),0.8925833333333333
보수적 (Pessimistic),0.8918333333333334
보수적 (Pessimistic),0.888
보수적 (Pessimistic),0.8863333333333333
보수적 (Pessimistic),0.8868333333333334
보수적 (Pessimistic),0.8881666666666667
보수적 (Pessimistic),0.8841666666666667
보수적 (Pessimistic),0.883
보수적 (Pessimistic),0.8806666666666667
보수적 (Pessimistic),0.887
보수적 (Pessimistic),0.88425
보수적 (Pessimistic),0.8854166666666666
보수적 (Pessimistic),0.8869166666666667
보수적 (Pessimistic),0.8855
보수적 (Pessimistic),0.8903333333333333
보수적 (Pessimistic),0.8903333333333333
보수적 (Pessimistic),0.8935
보수적 (Pessimistic),0.8906666666666667
보수적 (Pessimistic),0.8876666666666667
보수적 (Pessimistic),0.8890833333333333
보수적 (Pessimistic),0.8915833333333333
보수적 (Pessimistic),0.8888333333333334
보수적 (Pessimistic),0.8866666666666667
보수적 (Pessimistic),0.8898333333333334
보수적 (Pessimistic),0.8899166666666667
보수적 (Pessimistic),0.8889166666666667
보수적 (Pessimistic),0.887
보수적 (Pessimistic),0.8894166666666666
보수적 (Pessimistic),0.88925
보수적 (Pessimistic),0.8855833333333333
보수적 (Pessimistic),0.8836666666666667
보수적 (Pessimistic),0.883
보수적 (Pessimistic),0.8833333333333333
보수적 (Pessimistic),0.8861666666666667
보수적 (Pessimistic),0.88525
보수적 (Pessimistic),0.884
보수적 (Pessimistic),0.8864166666666666
보수적 (Pessimistic),0.8883333333333333
보수적 (Pessimistic),0.8844166666666666
보수적 (Pessimistic),0.88125
보수적 (Pessimistic),0.8833333333333333
보수적 (Pessimistic),0.8846666666666667
보수적 (Pessimistic),0.88775
보수적 (Pessimistic),0.8888333333333334
보수적 (Pessimistic),0.8905833333333333
보수적 (Pessimistic),0.8919166666666667
보수적 (Pessimistic),0.8920833333333333
보수적 (Pessimistic),0.88975
보수적 (Pessimistic),0.8901666666666667
보수적 (Pessimistic),0.8920833333333333
보수적 (Pessimistic),0.8923333333333333
보수적 (Pessimistic),0.8905833333333333
보수적 (Pessimistic),0.8905
보수적 (Pessimistic),0.8915
보수적 (Pessimistic),0.8888333333333334
보수적 (Pessimistic),0.8869166666666667
보수적 (Pessimistic),0.8900833333333333
보수적 (Pessimistic),0.88875
보수적 (Pessimistic),0.8878333333333334
보수적 (Pessimistic),0.889
보수적 (Pessimistic),0.8874166666666666
보수적 (Pessimistic),0.88325
보수적 (Pessimistic),0.8800833333333333
보수적 (Pessimistic),0.879
보수적 (Pessimistic),0.8809166666666667
보수적 (Pessimistic),0.8779166666666667
보수적 (Pessimistic),0.8799166666666667
보수적 (Pessimistic),0.8820833333333333
보수적 (Pessimistic),0.8816666666666667
보수적 (Pessimistic),0.88175
보수적 (Pessimistic),0.8841666666666667
보수적 (Pessimistic),0.8861666666666667
보수적 (Pessimistic),0.883
보수적 (Pessimistic),0.8804166666666666
보수적 (Pessimistic),0.88
보수적 (Pessimistic),0.88075
보수적 (Pessimistic),0.8815
보수적 (Pessimistic),0.8790833333333333
보수적 (Pessimistic),0.8819166666666667
보수적 (Pessimistic),0.88525
보수적 (Pessimistic),0.8808333333333334
보수적 (Pessimistic),0.8823333333333333
보수적 (Pessimistic),0.8844166666666666
보수적 (Pessimistic),0.8836666666666667
보수적 (Pessimistic),0.8840833333333333
보수적 (Pessimistic),0.88775
보수적 (Pessimistic),0.8840833333333333
보수적 (Pessimistic),0.8835
보수적 (Pessimistic),0.8845
보수적 (Pessimistic),0.8871666666666667
보수적 (Pessimistic),0.8906666666666667
보수적 (Pessimistic),0.8906666666666667
보수적 (Pessimistic),0.8891666666666667
보수적 (Pessimistic),0.8880833333333333
보수적 (Pessimistic),0.8883333333333333
보수적 (Pessimistic),0.888
보수적 (Pessimistic),0.8885
보수적 (Pessimistic),0.8863333333333333
보수적 (Pessimistic),0.89075
보수적 (Pessimistic),0.8911666666666667
보수적 (Pessimistic),0.8935833333333333
보수적 (Pessimistic),0.8921666666666667
보수적 (Pessimistic),0.8930833333333333
보수적 (Pessimistic),0.8915
보수적 (Pessimistic),0.8918333333333334
보수적 (Pessimistic),0.8899166666666667
보수적 (Pessimistic),0.8871666666666667
보수적 (Pessimistic),0.8931666666666667
보수적 (Pessimistic),0.89075
보수적 (Pessimistic),0.888
보수적 (Pessimistic),0.8893333333333333
보수적 (Pessimistic),0.888
보수적 (Pessimistic),0.8870833333333333
보수적 (Pessimistic),0.8888333333333334
보수적 (Pessimistic),0.8879166666666667
보수적 (Pessimistic),0.88825
보수적 (Pessimistic),0.8845
보수적 (Pessimistic),0.8908333333333334
보수적 (Pessimistic),0.8920833333333333
보수적 (Pessimistic),0.8916666666666667
보수적 (Pessimistic),0.8926666666666667
보수적 (Pessimistic),0.8913333333333333
보수적 (Pessimistic),0.89125
보수적 (Pessimistic),0.8938333333333334
보수적 (Pessimistic),0.8903333333333333
보수적 (Pessimistic),0.8909166666666667
보수적 (Pessimistic),0.8913333333333333
보수적 (Pessimistic),0.8929166666666667
보수적 (Pessimistic),0.8946666666666667
보수적 (Pessimistic),0.8943333333333333
보수적 (Pessimistic),0.8935833333333333
보수적 (Pessimistic),0.8933333333333333
보수적 (Pessimistic),0.8898333333333334
보수적 (Pessimistic),0.8910833333333333
보수적 (Pessimistic),0.8900833333333333
보수적 (Pessimistic),0.8883333333333333
보수적 (Pessimistic),0.8844166666666666
보수적 (Pessimistic),0.8805833333333334
보수적 (Pessimistic),0.8875
보수적 (Pessimistic),0.8866666666666667
보수적 (Pessimistic),0.8865
보수적 (Pessimistic),0.88525
보수적 (Pessimistic),0.8836666666666667
보수적 (Pessimistic),0.8833333333333333
보수적 (Pessimistic),0.88475
보수적 (Pessimistic),0.88825
보수적 (Pessimistic),0.8865
보수적 (Pessimistic),0.8870833333333333
보수적 (Pessimistic),0.8841666666666667
보수적 (Pessimistic),0.8859166666666667
보수적 (Pessimistic),0.8858333333333334
보수적 (Pessimistic),0.8855
보수적 (Pessimistic),0.8884166666666666
보수적 (Pessimistic),0.8913333333333333
보수적 (Pessimistic),0.89175
보수적 (Pessimistic),0.8921666666666667
보수적 (Pessimistic),0.8896666666666667
보수적 (Pessimistic),0.89
보수적 (Pessimistic),0.8910833333333333
보수적 (Pessimistic),0.8895833333333333
보수적 (Pessimistic),0.88825
보수적 (Pessimistic),0.8901666666666667
보수적 (Pessimistic),0.8895833333333333
보수적 (Pessimistic),0.8911666666666667
보수적 (Pessimistic),0.89175
보수적 (Pessimistic),0.8916666666666667
보수적 (Pessimistic),0.8919166666666667
보수적 (Pessimistic),0.8983333333333333
보수적 (Pessimistic),0.9025
보수적 (Pessimistic),0.90425
보수적 (Pessimistic),0.9078333333333334
보수적 (Pessimistic),0.9086666666666666
보수적 (Pessimistic),0.9085
보수적 (Pessimistic),0.90825
보수적 (Pessimistic),0.9101666666666667
보수적 (Pessimistic),0.9106666666666666
보수적 (Pessimistic),0.908
보수적 (Pessimistic),0.9061666666666667
보수적 (Pessimistic),0.907
보수적 (Pessimistic),0.9090833333333334
보수적 (Pessimistic),0.9084166666666667
보수적 (Pessimistic),0.9036666666666666
보수적 (Pessimistic),0.90575
보수적 (Pessimistic),0.9055
보수적 (Pessimistic),0.9039166666666667
보수적 (Pessimistic),0.9051666666666667
보수적 (Pessimistic),0.9065833333333333
보수적 (Pessimistic),0.90575
보수적 (Pessimistic),0.9046666666666666
보수적 (Pessimistic),0.9055
보수적 (Pessimistic),0.90475
보수적 (Pessimistic),0.9038333333333334
보수적 (Pessimistic),0.9029166666666667
보수적 (Pessimistic),0.9026666666666666
보수적 (Pessimistic),0.9010833333333333
보수적 (Pessimistic),0.8990833333333333
보수적 (Pessimistic),0.8998333333333334
보수적 (Pessimistic),0.8998333333333334
보수적 (Pessimistic),0.8991666666666667
보수적 (Pessimistic),0.89825
보수적 (Pessimistic),0.8965833333333333
보수적 (Pessimistic),0.89925
보수적 (Pessimistic),0.8959166666666667
보수적 (Pessimistic),0.9
보수적 (Pessimistic),0.9026666666666666
보수적 (Pessimistic),0.906
보수적 (Pessimistic),0.9026666666666666
보수적 (Pessimistic),0.9018333333333334
보수적 (Pessimistic),0.9026666666666666
보수적 (Pessimistic),0.9033333333333333
보수적 (Pessimistic),0.9073333333333333
보수적 (Pessimistic),0.907
보수적 (Pessimistic),0.9075
보수적 (Pessimistic),0.9045
보수적 (Pessimistic),0.90375
보수적 (Pessimistic),0.90175
보수적 (Pessimistic),0.9026666666666666
보수적 (Pessimistic),0.89975
보수적 (Pessimistic),0.8945833333333333
보수적 (Pessimistic),0.89025
보수적 (Pessimistic),0.8934166666666666
보수적 (Pessimistic),0.8934166666666666
보수적 (Pessimistic),0.8963333333333333
보수적 (Pessimistic),0.8928333333333334
보수적 (Pessimistic),0.89225
보수적 (Pessimistic),0.8935
보수적 (Pessimistic),0.8870833333333333
보수적 (Pessimistic),0.8865833333333333
보수적 (Pessimistic),0.8846666666666667
보수적 (Pessimistic),0.8854166666666666
보수적 (Pessimistic),0.8860833333333333
보수적 (Pessimistic),0.8836666666666667
보수적 (Pessimistic),0.878
보수적 (Pessimistic),0.87625
보수적 (Pessimistic),0.8795
보수적 (Pessimistic),0.8834166666666666
보수적 (Pessimistic),0.8804166666666666
보수적 (Pessimistic),0.8801666666666667
보수적 (Pessimistic),0.88025
보수적 (Pessimistic),0.8786666666666667
보수적 (Pessimistic),0.88225
보수적 (Pessimistic),0.8818333333333334
보수적 (Pessimistic),0.881
보수적 (Pessimistic),0.8835833333333334
보수적 (Pessimistic),0.8784166666666666
보수적 (Pessimistic),0.8786666666666667
보수적 (Pessimistic),0.8746666666666667
보수적 (Pessimistic),0.8735
보수적 (Pessimistic),0.8741666666666666
보수적 (Pessimistic),0.8784166666666666
보수적 (Pessimistic),0.87875
보수적 (Pessimistic),0.8815833333333334
보수적 (Pessimistic),0.8831666666666667
보수적 (Pessimistic),0.8873333333333333
보수적 (Pessimistic),0.8856666666666667
보수적 (Pessimistic),0.8845833333333334
보수적 (Pessimistic),0.8829166666666667
보수적 (Pessimistic),0.8808333333333334
보수적 (Pessimistic),0.8786666666666667
보수적 (Pessimistic),0.8779166666666667
보수적 (Pessimistic),0.8766666666666667
보수적 (Pessimistic),0.8784166666666666
보수적 (Pessimistic),0.8753333333333333
보수적 (Pessimistic),0.8760833333333333
보수적 (Pessimistic),0.87875
보수적 (Pessimistic),0.8809166666666667
보수적 (Pessimistic),0.8820833333333333
보수적 (Pessimistic),0.8830833333333333
보수적 (Pessimistic),0.88225
보수적 (Pessimistic),0.8854166666666666
보수적 (Pessimistic),0.8858333333333334
보수적 (Pessimistic),0.887
보수적 (Pessimistic),0.8848333333333334
보수적 (Pessimistic),0.8848333333333334
보수적 (Pessimistic),0.88525
보수적 (Pessimistic),0.8815833333333334
보수적 (Pessimistic),0.8815833333333334
보수적 (Pessimistic),0.877
보수적 (Pessimistic),0.877
보수적 (Pessimistic),0.8778333333333334
보수적 (Pessimistic),0.8751666666666666
보수적 (Pessimistic),0.876
보수적 (Pessimistic),0.8738333333333334
보수적 (Pessimistic),0.8745
보수적 (Pessimistic),0.8689166666666667
보수적 (Pessimistic),0.86625
보수적 (Pessimistic),0.8664166666666666
보수적 (Pessimistic),0.8710833333333333
보수적 (Pessimistic),0.8715
보수적 (Pessimistic),0.8749166666666667
보수적 (Pessimistic),0.8820833333333333
보수적 (Pessimistic),0.88175
보수적 (Pessimistic),0.8846666666666667
보수적 (Pessimistic),0.8820833333333333
보수적 (Pessimistic),0.8779166666666667
보수적 (Pessimistic),0.8814166666666666
보수적 (Pessimistic),0.8801666666666667
보수적 (Pessimistic),0.8805
보수적 (Pessimistic),0.884
보수적 (Pessimistic),0.8855833333333333
보수적 (Pessimistic),0.88275
보수적 (Pessimistic),0.8888333333333334
보수적 (Pessimistic),0.8883333333333333
보수적 (Pessimistic),0.8866666666666667
보수적 (Pessimistic),0.88775
보수적 (Pessimistic),0.8895
보수적 (Pessimistic),0.8891666666666667
보수적 (Pessimistic),0.88825
보수적 (Pessimistic),0.89
보수적 (Pessimistic),0.891
보수적 (Pessimistic),0.8926666666666667
보수적 (Pessimistic),0.8899166666666667
보수적 (Pessimistic),0.8904166666666666
보수적 (Pessimistic),0.8861666666666667
보수적 (Pessimistic),0.8875
보수적 (Pessimistic),0.8873333333333333
보수적 (Pessimistic),0.8875
보수적 (Pessimistic),0.8923333333333333
보수적 (Pessimistic),0.8919166666666667
보수적 (Pessimistic),0.8920833333333333
보수적 (Pessimistic),0.8905833333333333
보수적 (Pessimistic),0.8910833333333333
보수적 (Pessimistic),0.8943333333333333
보수적 (Pessimistic),0.8946666666666667
보수적 (Pessimistic),0.899
보수적 (Pessimistic),0.8983333333333333
보수적 (Pessimistic),0.90025
보수적 (Pessimistic),0.9019166666666667
보수적 (Pessimistic),0.8998333333333334
보수적 (Pessimistic),0.9011666666666667
보수적 (Pessimistic),0.90175
보수적 (Pessimistic),0.9025
보수적 (Pessimistic),0.9033333333333333
보수적 (Pessimistic),0.9039166666666667
보수적 (Pessimistic),0.9044166666666666
보수적 (Pessimistic),0.90425
보수적 (Pessimistic),0.9045833333333333
보수적 (Pessimistic),0.9080833333333334
보수적 (Pessimistic),0.9079166666666667
보수적 (Pessimistic),0.9066666666666666
보수적 (Pessimistic),0.9048333333333334
보수적 (Pessimistic),0.9038333333333334
보수적 (Pessimistic),0.902
보수적 (Pessimistic),0.9025833333333333
보수적 (Pessimistic),0.8995833333333333
보수적 (Pessimistic),0.8965
보수적 (Pessimistic),0.89725
보수적 (Pessimistic),0.8970833333333333
보수적 (Pessimistic),0.8975
보수적 (Pessimistic),0.8958333333333334
보수적 (Pessimistic),0.8961666666666667
보수적 (Pessimistic),0.8955833333333333
보수적 (Pessimistic),0.8943333333333333
보수적 (Pessimistic),0.8955
보수적 (Pessimistic),0.8925
보수적 (Pessimistic),0.89025
보수적 (Pessimistic),0.8900833333333333
보수적 (Pessimistic),0.8898333333333334
보수적 (Pessimistic),0.89075
보수적 (Pessimistic),0.892
보수적 (Pessimistic),0.8906666666666667
보수적 (Pessimistic),0.8928333333333334
보수적 (Pessimistic),0.8946666666666667
보수적 (Pessimistic),0.8975833333333333
보수적 (Pessimistic),0.8974166666666666
보수적 (Pessimistic),0.8984166666666666
보수적 (Pessimistic),0.8999166666666667
보수적 (Pessimistic),0.90225
보수적 (Pessimistic),0.9018333333333334
보수적 (Pessimistic),0.9013333333333333
보수적 (Pessimistic),0.89775
보수적 (Pessimistic),0.8981666666666667
보수적 (Pessimistic),0.8975
보수적 (Pessimistic),0.8914166666666666
보수적 (Pessimistic),0.8945833333333333
보수적 (Pessimistic),0.8946666666666667
보수적 (Pessimistic),0.8955
보수적 (Pessimistic),0.8953333333333333
보수적 (Pessimistic),0.8960833333333333
보수적 (Pessimistic),0.8926666666666667
보수적 (Pessimistic),0.89725
보수적 (Pessimistic),0.898
보수적 (Pessimistic),0.8961666666666667
보수적 (Pessimistic),0.8944166666666666
보수적 (Pessimistic),0.8923333333333333
보수적 (Pessimistic),0.8930833333333333
보수적 (Pessimistic),0.8951666666666667
보수적 (Pessimistic),0.8939166666666667
보수적 (Pessimistic),0.8923333333333333
보수적 (Pessimistic),0.889
보수적 (Pessimistic),0.8915833333333333
보수적 (Pessimistic),0.8924166666666666
보수적 (Pessimistic),0.8935
보수적 (Pessimistic),0.8935
보수적 (Pessimistic),0.8886666666666667
보수적 (Pessimistic),0.8885833333333333
보수적 (Pessimistic),0.8850833333333333
보수적 (Pessimistic),0.88325
보수적 (Pessimistic),0.8805833333333334
보수적 (Pessimistic),0.8805
보수적 (Pessimistic),0.88175
보수적 (Pessimistic),0.8824166666666666
보수적 (Pessimistic),0.87975
보수적 (Pessimistic),0.8810833333333333
보수적 (Pessimistic),0.8833333333333333
보수적 (Pessimistic),0.8805833333333334
보수적 (Pessimistic),0.8800833333333333
보수적 (Pessimistic),0.8769166666666667
보수적 (Pessimistic),0.8755
보수적 (Pessimistic),0.8741666666666666
보수적 (Pessimistic),0.8718333333333333
보수적 (Pessimistic),0.8760833333333333
보수적 (Pessimistic),0.8785833333333334
보수적 (Pessimistic),0.87775
보수적 (Pessimistic),0.8785833333333334
보수적 (Pessimistic),0.8811666666666667
보수적 (Pessimistic),0.8825833333333334
보수적 (Pessimistic),0.8848333333333334
보수적 (Pessimistic),0.887
보수적 (Pessimistic),0.8895833333333333
보수적 (Pessimistic),0.8856666666666667
보수적 (Pessimistic),0.8870833333333333
보수적 (Pessimistic),0.888
보수적 (Pessimistic),0.8885
보수적 (Pessimistic),0.8896666666666667
보수적 (Pessimistic),0.8925
보수적 (Pessimistic),0.8915
보수적 (Pessimistic),0.8905
보수적 (Pessimistic),0.8911666666666667
보수적 (Pessimistic),0.8900833333333333
보수적 (Pessimistic),0.8905833333333333
보수적 (Pessimistic),0.8904166666666666
보수적 (Pessimistic),0.8886666666666667
보수적 (Pessimistic),0.8831666666666667
보수적 (Pessimistic),0.8849166666666667
보수적 (Pessimistic),0.8835833333333334
보수적 (Pessimistic),0.88325
보수적 (Pessimistic),0.8819166666666667
보수적 (Pessimistic),0.8823333333333333
보수적 (Pessimistic),0.88625
보수적 (Pessimistic),0.88925
보수적 (Pessimistic),0.8890833333333333
보수적 (Pessimistic),0.8885833333333333
보수적 (Pessimistic),0.8866666666666667
보수적 (Pessimistic),0.8875
보수적 (Pessimistic),0.8856666666666667
보수적 (Pessimistic),0.88325
보수적 (Pessimistic),0.8800833333333333
보수적 (Pessimistic),0.8813333333333333
보수적 (Pessimistic),0.8823333333333333
보수적 (Pessimistic),0.8805
보수적 (Pessimistic),0.8748333333333334
보수적 (Pessimistic),0.8768333333333334
보수적 (Pessimistic),0.8738333333333334
보수적 (Pessimistic),0.877
보수적 (Pessimistic),0.877
보수적 (Pessimistic),0.8819166666666667
보수적 (Pessimistic),0.8814166666666666
보수적 (Pessimistic),0.8860833333333333
보수적 (Pessimistic),0.8839166666666667
보수적 (Pessimistic),0.8843333333333333
보수적 (Pessimistic),0.8848333333333334
보수적 (Pessimistic),0.8873333333333333
보수적 (Pessimistic),0.8844166666666666
보수적 (Pessimistic),0.8835833333333334
보수적 (Pessimistic),0.879
보수적 (Pessimistic),0.8791666666666667
보수적 (Pessimistic),0.876
보수적 (Pessimistic),0.8788333333333334
보수적 (Pessimistic),0.8775
보수적 (Pessimistic),0.8791666666666667
보수적 (Pessimistic),0.8785
보수적 (Pessimistic),0.8784166666666666
보수적 (Pessimistic),0.87575
보수적 (Pessimistic),0.8725833333333334
보수적 (Pessimistic),0.8735
보수적 (Pessimistic),0.8761666666666666
보수적 (Pessimistic),0.8733333333333333
보수적 (Pessimistic),0.87575
보수적 (Pessimistic),0.8815833333333334
보수적 (Pessimistic),0.88
보수적 (Pessimistic),0.8769166666666667
보수적 (Pessimistic),0.8734166666666666
보수적 (Pessimistic),0.8749166666666667
보수적 (Pessimistic),0.8703333333333333
보수적 (Pessimistic),0.8725
보수적 (Pessimistic),0.8730833333333333
보수적 (Pessimistic),0.8724166666666666
보수적 (Pessimistic),0.8736666666666667
보수적 (Pessimistic),0.8741666666666666
보수적 (Pessimistic),0.8701666666666666
보수적 (Pessimistic),0.87175
보수적 (Pessimistic),0.8721666666666666
보수적 (Pessimistic),0.8738333333333334
보수적 (Pessimistic),0.8740833333333333
보수적 (Pessimistic),0.8694166666666666
보수적 (Pessimistic),0.8703333333333333
보수적 (Pessimistic),0.8683333333333333
보수적 (Pessimistic),0.87325
보수적 (Pessimistic),0.8705833333333334
보수적 (Pessimistic),0.8743333333333333
보수적 (Pessimistic),0.8759166666666667
보수적 (Pessimistic),0.8748333333333334
보수적 (Pessimistic),0.8783333333333333
보수적 (Pessimistic),0.8809166666666667
보수적 (Pessimistic),0.8805
보수적 (Pessimistic),0.881
보수적 (Pessimistic),0.8779166666666667
보수적 (Pessimistic),0.88
보수적 (Pessimistic),0.8796666666666667
보수적 (Pessimistic),0.8789166666666667
보수적 (Pessimistic),0.8825
보수적 (Pessimistic),0.8804166666666666
보수적 (Pessimistic),0.8825833333333334
보수적 (Pessimistic),0.8805
보수적 (Pessimistic),0.8805
보수적 (Pessimistic),0.8806666666666667
보수적 (Pessimistic),0.88475
보수적 (Pessimistic),0.8853333333333333
보수적 (Pessimistic),0.8845
보수적 (Pessimistic),0.88125
보수적 (Pessimistic),0.8845833333333334
보수적 (Pessimistic),0.88675
보수적 (Pessimistic),0.886
보수적 (Pessimistic),0.8845
보수적 (Pessimistic),0.88425
보수적 (Pessimistic),0.8855833333333333
보수적 (Pessimistic),0.8815833333333334
보수적 (Pessimistic),0.8829166666666667
보수적 (Pessimistic),0.8825833333333334
보수적 (Pessimistic),0.8850833333333333
보수적 (Pessimistic),0.8833333333333333
보수적 (Pessimistic),0.8866666666666667
보수적 (Pessimistic),0.8863333333333333
보수적 (Pessimistic),0.8855833333333333
보수적 (Pessimistic),0.8835
보수적 (Pessimistic),0.8825833333333334
보수적 (Pessimistic),0.8810833333333333
보수적 (Pessimistic),0.8815833333333334
보수적 (Pessimistic),0.883
보수적 (Pessimistic),0.8823333333333333
보수적 (Pessimistic),0.8828333333333334
보수적 (Pessimistic),0.8796666666666667
보수적 (Pessimistic),0.87825
보수적 (Pessimistic),0.8766666666666667
보수적 (Pessimistic),0.87825
보수적 (Pessimistic),0.8789166666666667
보수적 (Pessimistic),0.8793333333333333
보수적 (Pessimistic),0.8799166666666667
보수적 (Pessimistic),0.8849166666666667
보수적 (Pessimistic),0.88475
보수적 (Pessimistic),0.8850833333333333
보수적 (Pessimistic),0.88575
보수적 (Pessimistic),0.886
보수적 (Pessimistic),0.8854166666666666
보수적 (Pessimistic),0.8851666666666667
보수적 (Pessimistic),0.88675
보수적 (Pessimistic),0.8876666666666667
보수적 (Pessimistic),0.88625
보수적 (Pessimistic),0.8870833333333333
보수적 (Pessimistic),0.8856666666666667
보수적 (Pessimistic),0.8845
보수적 (Pessimistic),0.8896666666666667
보수적 (Pessimistic),0.8876666666666667
보수적 (Pessimistic),0.8886666666666667
보수적 (Pessimistic),0.8904166666666666
보수적 (Pessimistic),0.8871666666666667
보수적 (Pessimistic),0.8833333333333333
보수적 (Pessimistic),0.8835833333333334
보수적 (Pessimistic),0.8875833333333333
보수적 (Pessimistic),0.8880833333333333
보수적 (Pessimistic),0.89025
보수적 (Pessimistic),0.8901666666666667
보수적 (Pessimistic),0.8915
보수적 (Pessimistic),0.8901666666666667
보수적 (Pessimistic),0.8906666666666667
보수적 (Pessimistic),0.8899166666666667
보수적 (Pessimistic),0.892
보수적 (Pessimistic),0.8959166666666667
보수적 (Pessimistic),0.8969166666666667
보수적 (Pessimistic),0.8950833333333333
보수적 (Pessimistic),0.89425
보수적 (Pessimistic),0.8883333333333333
보수적 (Pessimistic),0.8868333333333334
보수적 (Pessimistic),0.8866666666666667
보수적 (Pessimistic),0.8835833333333334
보수적 (Pessimistic),0.8841666666666667
보수적 (Pessimistic),0.8811666666666667
보수적 (Pessimistic),0.8853333333333333
보수적 (Pessimistic),0.8840833333333333
보수적 (Pessimistic),0.8865
보수적 (Pessimistic),0.8860833333333333
보수적 (Pessimistic),0.8885
보수적 (Pessimistic),0.8835833333333334
보수적 (Pessimistic),0.8850833333333333
보수적 (Pessimistic),0.8894166666666666
보수적 (Pessimistic),0.88775
보수적 (Pessimistic),0.8921666666666667
보수적 (Pessimistic),0.8921666666666667
보수적 (Pessimistic),0.8948333333333334
보수적 (Pessimistic),0.89375
보수적 (Pessimistic),0.89525
보수적 (Pessimistic),0.8948333333333334
보수적 (Pessimistic),0.8903333333333333
보수적 (Pessimistic),0.8896666666666667
보수적 (Pessimistic),0.8914166666666666
보수적 (Pessimistic),0.8915
보수적 (Pessimistic),0.8918333333333334
보수적 (Pessimistic),0.88825
보수적 (Pessimistic),0.8898333333333334
보수적 (Pessimistic),0.8911666666666667
보수적 (Pessimistic),0.8951666666666667
보수적 (Pessimistic),0.8955
보수적 (Pessimistic),0.8890833333333333
보수적 (Pessimistic),0.8879166666666667
보수적 (Pessimistic),0.88525
보수적 (Pessimistic),0.88775
보수적 (Pessimistic),0.8899166666666667
보수적 (Pessimistic),0.8888333333333334
보수적 (Pessimistic),0.8878333333333334
보수적 (Pessimistic),0.8844166666666666
보수적 (Pessimistic),0.881
보수적 (Pessimistic),0.8826666666666667
보수적 (Pessimistic),0.879
보수적 (Pessimistic),0.8774166666666666
보수적 (Pessimistic),0.8770833333333333
보수적 (Pessimistic),0.8780833333333333
보수적 (Pessimistic),0.8835833333333334
보수적 (Pessimistic),0.8820833333333333
보수적 (Pessimistic),0.88575
보수적 (Pessimistic),0.8855833333333333
보수적 (Pessimistic),0.8845833333333334
보수적 (Pessimistic),0.8859166666666667
보수적 (Pessimistic),0.8845833333333334
보수적 (Pessimistic),0.89075
보수적 (Pessimistic),0.8901666666666667
보수적 (Pessimistic),0.8896666666666667
보수적 (Pessimistic),0.8895833333333333
보수적 (Pessimistic),0.89125
보수적 (Pessimistic),0.8928333333333334
보수적 (Pessimistic),0.8946666666666667
보수적 (Pessimistic),0.8969166666666667
보수적 (Pessimistic),0.90275
보수적 (Pessimistic),0.9019166666666667
보수적 (Pessimistic),0.9024166666666666
보수적 (Pessimistic),0.9039166666666667
보수적 (Pessimistic),0.9025833333333333
보수적 (Pessimistic),0.89925
보수적 (Pessimistic),0.8976666666666666
보수적 (Pessimistic),0.8996666666666666
보수적 (Pessimistic),0.8985833333333333
보수적 (Pessimistic),0.8984166666666666
보수적 (Pessimistic),0.89575
보수적 (Pessimistic),0.8985
보수적 (Pessimistic),0.89725
보수적 (Pessimistic),0.89425
보수적 (Pessimistic),0.89175
보수적 (Pessimistic),0.8911666666666667
보수적 (Pessimistic),0.8891666666666667
보수적 (Pessimistic),0.88975
보수적 (Pessimistic),0.8878333333333334
보수적 (Pessimistic),0.8840833333333333
보수적 (Pessimistic),0.8855
보수적 (Pessimistic),0.885
보수적 (Pessimistic),0.885
보수적 (Pessimistic),0.887
보수적 (Pessimistic),0.8864166666666666
보수적 (Pessimistic),0.8879166666666667
보수적 (Pessimistic),0.8898333333333334
보수적 (Pessimistic),0.8918333333333334
보수적 (Pessimistic),0.8925
보수적 (Pessimistic),0.89225
보수적 (Pessimistic),0.89325
보수적 (Pessimistic),0.8954166666666666
보수적 (Pessimistic),0.896
보수적 (Pessimistic),0.9010833333333333
보수적 (Pessimistic),0.9034166666666666
보수적 (Pessimistic),0.9029166666666667
보수적 (Pessimistic),0.904
보수적 (Pessimistic),0.9014166666666666
보수적 (Pessimistic),0.9029166666666667
보수적 (Pessimistic),0.9041666666666667
보수적 (Pessimistic),0.901
보수적 (Pessimistic),0.901
보수적 (Pessimistic),0.90175
보수적 (Pessimistic),0.9041666666666667
보수적 (Pessimistic),0.9019166666666667
보수적 (Pessimistic),0.9035833333333333
보수적 (Pessimistic),0.9049166666666667
보수적 (Pessimistic),0.9046666666666666
보수적 (Pessimistic),0.9039166666666667
보수적 (Pessimistic),0.90425
보수적 (Pessimistic),0.9030833333333333
보수적 (Pessimistic),0.9051666666666667
보수적 (Pessimistic),0.904
보수적 (Pessimistic),0.9025833333333333
보수적 (Pessimistic),0.9005
보수적 (Pessimistic),0.9059166666666667
보수적 (Pessimistic),0.9069166666666667
보수적 (Pessimistic),0.9056666666666666
보수적 (Pessimistic),0.90725
보수적 (Pessimistic),0.9056666666666666
보수적 (Pessimistic),0.9070833333333334
보수적 (Pessimistic),0.9065
보수적 (Pessimistic),0.9069166666666667
보수적 (Pessimistic),0.9094166666666667
보수적 (Pessimistic),0.9074166666666666
보수적 (Pessimistic),0.906
보수적 (Pessimistic),0.90775
보수적 (Pessimistic),0.9065833333333333
보수적 (Pessimistic),0.9041666666666667
보수적 (Pessimistic),0.9019166666666667
보수적 (Pessimistic),0.9000833333333333
보수적 (Pessimistic),0.8990833333333333
보수적 (Pessimistic),0.9009166666666667
보수적 (Pessimistic),0.9029166666666667
보수적 (Pessimistic),0.9035
보수적 (Pessimistic),0.90525
보수적 (Pessimistic),0.9055
보수적 (Pessimistic),0.9090833333333334
보수적 (Pessimistic),0.91275
보수적 (Pessimistic),0.9140833333333334
보수적 (Pessimistic),0.9161666666666667
보수적 (Pessimistic),0.9145
보수적 (Pessimistic),0.91225
보수적 (Pessimistic),0.9105
보수적 (Pessimistic),0.9076666666666666
보수적 (Pessimistic),0.907
보수적 (Pessimistic),0.9074166666666666
보수적 (Pessimistic),0.9073333333333333
보수적 (Pessimistic),0.9096666666666666
보수적 (Pessimistic),0.9075
보수적 (Pessimistic),0.906
보수적 (Pessimistic),0.902
보수적 (Pessimistic),0.90025
보수적 (Pessimistic),0.9005833333333333
보수적 (Pessimistic),0.9015833333333333
보수적 (Pessimistic),0.9023333333333333
보수적 (Pessimistic),0.901
보수적 (Pessimistic),0.9033333333333333
보수적 (Pessimistic),0.90375
보수적 (Pessimistic),0.9013333333333333
