scenario,parameter,value
보수적 (Pessimistic),sigma_year,0.13461073351110892
보수적 (Pessimistic),sigma_year,0.28783411977969814
보수적 (Pessimistic),sigma_year,0.3013238802196946
보수적 (Pessimistic),sigma_year,0.2191264635930086
보수적 (Pessimistic),sigma_year,0.2590140731303769
보수적 (Pessimistic),sigma_year,0.3644294542840948
보수적 (Pessimistic),sigma_year,0.1905022501081832
보수적 (Pessimistic),sigma_year,0.24132544676246198
보수적 (Pessimistic),sigma_year,0.246618308014924
보수적 (Pessimistic),sigma_year,0.2788120217854438
보수적 (Pessimistic),sigma_year,0.22938751753198605
보수적 (Pessimistic),sigma_year,0.20302443791405753
보수적 (Pessimistic),sigma_year,0.28261918241646794
보수적 (Pessimistic),sigma_year,0.19700294649385186
보수적 (Pessimistic),sigma_year,0.3729269539481092
보수적 (Pessimistic),sigma_year,0.12771655839783758
보수적 (Pessimistic),sigma_year,0.21082013879059866
보수적 (Pessimistic),sigma_year,0.33688138291350406
보수적 (Pessimistic),sigma_year,0.1879795713129639
보수적 (Pessimistic),sigma_year,0.20131271950706345
보수적 (Pessimistic),sigma_year,0.12351707663334095
보수적 (Pessimistic),sigma_year,0.22172981765843994
보수적 (Pessimistic),sigma_year,0.35751283456458655
보수적 (Pessimistic),sigma_year,0.12533627433528743
보수적 (Pessimistic),sigma_year,0.11872540141713617
보수적 (Pessimistic),sigma_year,0.13031168247383196
보수적 (Pessimistic),sigma_year,0.3341409184181107
보수적 (Pessimistic),sigma_year,0.2517575693210636
보수적 (Pessimistic),sigma_year,0.15470268657833952
보수적 (Pessimistic),sigma_year,0.14811896388015425
보수적 (Pessimistic),sigma_year,0.2126583083074818
보수적 (Pessimistic),sigma_year,0.16459756238175516
보수적 (Pessimistic),sigma_year,0.06623814764807189
보수적 (Pessimistic),sigma_year,0.07273537265697613
보수적 (Pessimistic),sigma_year,0.07027695661122454
보수적 (Pessimistic),sigma_year,0.09140537399983523
보수적 (Pessimistic),sigma_year,0.1405091978682816
보수적 (Pessimistic),sigma_year,0.08168998077095804
보수적 (Pessimistic),sigma_year,0.09435461177837752
보수적 (Pessimistic),sigma_year,0.1048575493085094
보수적 (Pessimistic),sigma_year,0.061526056841847865
보수적 (Pessimistic),sigma_year,0.11862674300874822
보수적 (Pessimistic),sigma_year,0.14518881780731974
보수적 (Pessimistic),sigma_year,0.38568022847745564
보수적 (Pessimistic),sigma_year,0.32031978270068956
보수적 (Pessimistic),sigma_year,0.25321443538610955
보수적 (Pessimistic),sigma_year,0.23456691288118997
보수적 (Pessimistic),sigma_year,0.22420616086289685
보수적 (Pessimistic),sigma_year,0.26256554751004085
보수적 (Pessimistic),sigma_year,0.2932751534346104
보수적 (Pessimistic),sigma_year,0.23521127409316211
보수적 (Pessimistic),sigma_year,0.21345861735667843
보수적 (Pessimistic),sigma_year,0.1126540492357912
보수적 (Pessimistic),sigma_year,0.1456602671349546
보수적 (Pessimistic),sigma_year,0.04724121913382001
보수적 (Pessimistic),sigma_year,0.04724121913382001
보수적 (Pessimistic),sigma_year,0.057662305155793916
보수적 (Pessimistic),sigma_year,0.05413628798368597
보수적 (Pessimistic),sigma_year,0.07516759580597816
보수적 (Pessimistic),sigma_year,0.1640746199573798
보수적 (Pessimistic),sigma_year,0.18054941158696494
보수적 (Pessimistic),sigma_year,0.20408386650177354
보수적 (Pessimistic),sigma_year,0.21321581038174606
보수적 (Pessimistic),sigma_year,0.20972558717448175
보수적 (Pessimistic),sigma_year,0.1972147519392395
보수적 (Pessimistic),sigma_year,0.1016699409872712
보수적 (Pessimistic),sigma_year,0.09794562017709822
보수적 (Pessimistic),sigma_year,0.06053692389464803
보수적 (Pessimistic),sigma_year,0.0456380612420819
보수적 (Pessimistic),sigma_year,0.047042942334131255
보수적 (Pessimistic),sigma_year,0.07372003321786937
보수적 (Pessimistic),sigma_year,0.05854226102237799
보수적 (Pessimistic),sigma_year,0.04767932275757095
보수적 (Pessimistic),sigma_year,0.0580935935678322
보수적 (Pessimistic),sigma_year,0.10028777703261078
보수적 (Pessimistic),sigma_year,0.11075300043566988
보수적 (Pessimistic),sigma_year,0.09394982515072095
보수적 (Pessimistic),sigma_year,0.229142306882957
보수적 (Pessimistic),sigma_year,0.1441487754681481
보수적 (Pessimistic),sigma_year,0.13028186757937762
보수적 (Pessimistic),sigma_year,0.14177773557445417
보수적 (Pessimistic),sigma_year,0.12147815431420753
보수적 (Pessimistic),sigma_year,0.09464220170282309
보수적 (Pessimistic),sigma_year,0.046147578305209165
보수적 (Pessimistic),sigma_year,0.09086887420406518
보수적 (Pessimistic),sigma_year,0.08794004747983003
보수적 (Pessimistic),sigma_year,0.14895534915202882
보수적 (Pessimistic),sigma_year,0.1481164786035247
보수적 (Pessimistic),sigma_year,0.2085690677468159
보수적 (Pessimistic),sigma_year,0.15984406968232967
보수적 (Pessimistic),sigma_year,0.0988348215301139
보수적 (Pessimistic),sigma_year,0.09280726229096778
보수적 (Pessimistic),sigma_year,0.055999874353796185
보수적 (Pessimistic),sigma_year,0.06755342381565502
보수적 (Pessimistic),sigma_year,0.07197646929886192
보수적 (Pessimistic),sigma_year,0.12017742838577979
보수적 (Pessimistic),sigma_year,0.09648273698312075
보수적 (Pessimistic),sigma_year,0.10584542960642954
보수적 (Pessimistic),sigma_year,0.10631590475999146
보수적 (Pessimistic),sigma_year,0.1528789692159743
보수적 (Pessimistic),sigma_year,0.13222775970187
보수적 (Pessimistic),sigma_year,0.13166284209311035
보수적 (Pessimistic),sigma_year,0.07370841990527076
보수적 (Pessimistic),sigma_year,0.13320775849546512
보수적 (Pessimistic),sigma_year,0.06600060565741588
보수적 (Pessimistic),sigma_year,0.09688071078799187
보수적 (Pessimistic),sigma_year,0.13417014633267957
보수적 (Pessimistic),sigma_year,0.2570019136685636
보수적 (Pessimistic),sigma_year,0.17422708685695587
보수적 (Pessimistic),sigma_year,0.11544892368423827
보수적 (Pessimistic),sigma_year,0.1844337022877412
보수적 (Pessimistic),sigma_year,0.12424375764463393
보수적 (Pessimistic),sigma_year,0.07116424152856615
보수적 (Pessimistic),sigma_year,0.06326840850641056
보수적 (Pessimistic),sigma_year,0.08880860132409273
보수적 (Pessimistic),sigma_year,0.3026930552707593
보수적 (Pessimistic),sigma_year,0.1475656680987324
보수적 (Pessimistic),sigma_year,0.25425556409590516
보수적 (Pessimistic),sigma_year,0.16943838198560354
보수적 (Pessimistic),sigma_year,0.2509729165138965
보수적 (Pessimistic),sigma_year,0.18226041444854987
보수적 (Pessimistic),sigma_year,0.12492913564731153
보수적 (Pessimistic),sigma_year,0.07512232029647706
보수적 (Pessimistic),sigma_year,0.04184376839078068
보수적 (Pessimistic),sigma_year,0.4379246499784972
보수적 (Pessimistic),sigma_year,0.09261816376062373
보수적 (Pessimistic),sigma_year,0.08989657534027354
보수적 (Pessimistic),sigma_year,0.11185141471265411
보수적 (Pessimistic),sigma_year,0.07794122970687574
보수적 (Pessimistic),sigma_year,0.08589011859622826
보수적 (Pessimistic),sigma_year,0.10123517775354603
보수적 (Pessimistic),sigma_year,0.07013230733058975
보수적 (Pessimistic),sigma_year,0.0511044687533274
보수적 (Pessimistic),sigma_year,0.06922130693838754
보수적 (Pessimistic),sigma_year,0.051372238282551934
보수적 (Pessimistic),sigma_year,0.036539579205733835
보수적 (Pessimistic),sigma_year,0.038760285733756304
보수적 (Pessimistic),sigma_year,0.038760285733756304
보수적 (Pessimistic),sigma_year,0.03901789431623836
보수적 (Pessimistic),sigma_year,0.03977610527943137
보수적 (Pessimistic),sigma_year,0.035861939890543364
보수적 (Pessimistic),sigma_year,0.044857729212292245
보수적 (Pessimistic),sigma_year,0.06761740576546815
보수적 (Pessimistic),sigma_year,0.07712159112841444
보수적 (Pessimistic),sigma_year,0.08810637161315528
보수적 (Pessimistic),sigma_year,0.06415417606060489
보수적 (Pessimistic),sigma_year,0.09460411617735429
보수적 (Pessimistic),sigma_year,0.13641547478452296
보수적 (Pessimistic),sigma_year,0.04687312549845099
보수적 (Pessimistic),sigma_year,0.03920144699170798
보수적 (Pessimistic),sigma_year,0.045734134066597425
보수적 (Pessimistic),sigma_year,0.05143467033638147
보수적 (Pessimistic),sigma_year,0.06567791421209661
보수적 (Pessimistic),sigma_year,0.04312139253982977
보수적 (Pessimistic),sigma_year,0.04312139253982977
보수적 (Pessimistic),sigma_year,0.038482955118430334
보수적 (Pessimistic),sigma_year,0.038482955118430334
보수적 (Pessimistic),sigma_year,0.03933735172537971
보수적 (Pessimistic),sigma_year,0.05721143337522223
보수적 (Pessimistic),sigma_year,0.07465254632647625
보수적 (Pessimistic),sigma_year,0.08883855917939809
보수적 (Pessimistic),sigma_year,0.2549147290116695
보수적 (Pessimistic),sigma_year,0.18223364599243028
보수적 (Pessimistic),sigma_year,0.15843962014215854
보수적 (Pessimistic),sigma_year,0.15102153426886789
보수적 (Pessimistic),sigma_year,0.11170199072101493
보수적 (Pessimistic),sigma_year,0.3637811517679328
보수적 (Pessimistic),sigma_year,0.15208620678813442
보수적 (Pessimistic),sigma_year,0.11846690622028293
보수적 (Pessimistic),sigma_year,0.39504246783520536
보수적 (Pessimistic),sigma_year,0.3413817380687227
보수적 (Pessimistic),sigma_year,0.13909000837976984
보수적 (Pessimistic),sigma_year,0.4408133222530127
보수적 (Pessimistic),sigma_year,0.37919145327206444
보수적 (Pessimistic),sigma_year,0.32335050389298303
보수적 (Pessimistic),sigma_year,0.31782246339325426
보수적 (Pessimistic),sigma_year,0.20494777986304707
보수적 (Pessimistic),sigma_year,0.16887428836060966
보수적 (Pessimistic),sigma_year,0.15679527788639003
보수적 (Pessimistic),sigma_year,0.1828142354113771
보수적 (Pessimistic),sigma_year,0.17910424662016647
보수적 (Pessimistic),sigma_year,0.17418688754335485
보수적 (Pessimistic),sigma_year,0.19460069702877414
보수적 (Pessimistic),sigma_year,0.18589398955265551
보수적 (Pessimistic),sigma_year,0.26252833535777653
보수적 (Pessimistic),sigma_year,0.2497672380577369
보수적 (Pessimistic),sigma_year,0.19140660453907088
보수적 (Pessimistic),sigma_year,0.42745477498986645
보수적 (Pessimistic),sigma_year,0.3966088707288523
보수적 (Pessimistic),sigma_year,0.40989156659097103
보수적 (Pessimistic),sigma_year,0.3544377945101438
보수적 (Pessimistic),sigma_year,0.29182650357778106
보수적 (Pessimistic),sigma_year,0.16182739810661334
보수적 (Pessimistic),sigma_year,0.11201402576891649
보수적 (Pessimistic),sigma_year,0.08494327429731972
보수적 (Pessimistic),sigma_year,0.13333910321518022
보수적 (Pessimistic),sigma_year,0.11950691312907664
보수적 (Pessimistic),sigma_year,0.10417718682970854
보수적 (Pessimistic),sigma_year,0.1513077784271466
보수적 (Pessimistic),sigma_year,0.14322178220296714
보수적 (Pessimistic),sigma_year,0.1453509467037265
보수적 (Pessimistic),sigma_year,0.18902032758318268
보수적 (Pessimistic),sigma_year,0.15672075309159536
보수적 (Pessimistic),sigma_year,0.2153104409827549
보수적 (Pessimistic),sigma_year,0.16959010576434447
보수적 (Pessimistic),sigma_year,0.201833645633456
보수적 (Pessimistic),sigma_year,0.32142459599223533
보수적 (Pessimistic),sigma_year,0.2956025029293672
보수적 (Pessimistic),sigma_year,0.36836101527005694
보수적 (Pessimistic),sigma_year,0.3938084530538713
보수적 (Pessimistic),sigma_year,0.2561951466126175
보수적 (Pessimistic),sigma_year,0.59566722977687
보수적 (Pessimistic),sigma_year,0.21092196051829656
보수적 (Pessimistic),sigma_year,0.09132655966139926
보수적 (Pessimistic),sigma_year,0.22673348146495512
보수적 (Pessimistic),sigma_year,0.20453506073607294
보수적 (Pessimistic),sigma_year,0.23803498095511397
보수적 (Pessimistic),sigma_year,0.15999643069177008
보수적 (Pessimistic),sigma_year,0.2051307910899112
보수적 (Pessimistic),sigma_year,0.16636420929340676
보수적 (Pessimistic),sigma_year,0.2758609665544322
보수적 (Pessimistic),sigma_year,0.27114165970355075
보수적 (Pessimistic),sigma_year,0.17551282472817403
보수적 (Pessimistic),sigma_year,0.17039610040797465
보수적 (Pessimistic),sigma_year,0.13725951929452637
보수적 (Pessimistic),sigma_year,0.12517709159549892
보수적 (Pessimistic),sigma_year,0.23587726161690445
보수적 (Pessimistic),sigma_year,0.29628391810979365
보수적 (Pessimistic),sigma_year,0.2404013856096331
보수적 (Pessimistic),sigma_year,0.21229407718667354
보수적 (Pessimistic),sigma_year,0.2821183756479222
보수적 (Pessimistic),sigma_year,0.288852604044904
보수적 (Pessimistic),sigma_year,0.3713473783764389
보수적 (Pessimistic),sigma_year,0.3986380617672725
보수적 (Pessimistic),sigma_year,0.27881548634554476
보수적 (Pessimistic),sigma_year,0.3203760869814985
보수적 (Pessimistic),sigma_year,0.44542913234004006
보수적 (Pessimistic),sigma_year,0.40116341530905014
보수적 (Pessimistic),sigma_year,0.43290390758941566
보수적 (Pessimistic),sigma_year,0.39799322026501566
보수적 (Pessimistic),sigma_year,0.16597408029084443
보수적 (Pessimistic),sigma_year,0.19886120991841136
보수적 (Pessimistic),sigma_year,0.22100718490849075
보수적 (Pessimistic),sigma_year,0.19248573216330225
보수적 (Pessimistic),sigma_year,0.17868646063568003
보수적 (Pessimistic),sigma_year,0.18138818310093274
보수적 (Pessimistic),sigma_year,0.24258298703018624
보수적 (Pessimistic),sigma_year,0.23582946155546686
보수적 (Pessimistic),sigma_year,0.2004338370754251
보수적 (Pessimistic),sigma_year,0.19190436129318167
보수적 (Pessimistic),sigma_year,0.2628875466228001
보수적 (Pessimistic),sigma_year,0.18762318956197546
보수적 (Pessimistic),sigma_year,0.2092146789835427
보수적 (Pessimistic),sigma_year,0.29075824434249703
보수적 (Pessimistic),sigma_year,0.2835712428764094
보수적 (Pessimistic),sigma_year,0.25406949272253715
보수적 (Pessimistic),sigma_year,0.4644358077587423
보수적 (Pessimistic),sigma_year,0.41644300272787915
보수적 (Pessimistic),sigma_year,0.1846945360244834
보수적 (Pessimistic),sigma_year,0.2621602324845348
보수적 (Pessimistic),sigma_year,0.05431376211199405
보수적 (Pessimistic),sigma_year,0.1086472456537394
보수적 (Pessimistic),sigma_year,0.09272572763819457
보수적 (Pessimistic),sigma_year,0.09819050160212542
보수적 (Pessimistic),sigma_year,0.0769082603412572
보수적 (Pessimistic),sigma_year,0.06877396946291116
보수적 (Pessimistic),sigma_year,0.08056073826841795
보수적 (Pessimistic),sigma_year,0.08635336805375284
보수적 (Pessimistic),sigma_year,0.09499212344134443
보수적 (Pessimistic),sigma_year,0.14843367403336152
보수적 (Pessimistic),sigma_year,0.2909964025789222
보수적 (Pessimistic),sigma_year,0.13911475389033748
보수적 (Pessimistic),sigma_year,0.13723824993690775
보수적 (Pessimistic),sigma_year,0.14525713519901753
보수적 (Pessimistic),sigma_year,0.08986185342358871
보수적 (Pessimistic),sigma_year,0.09546279594520976
보수적 (Pessimistic),sigma_year,0.10329477365589507
보수적 (Pessimistic),sigma_year,0.09934868671521932
보수적 (Pessimistic),sigma_year,0.09503673408933905
보수적 (Pessimistic),sigma_year,0.09389750852342948
보수적 (Pessimistic),sigma_year,0.22129478325645713
보수적 (Pessimistic),sigma_year,0.25327285301570207
보수적 (Pessimistic),sigma_year,0.15627947831742817
보수적 (Pessimistic),sigma_year,0.10465329078353294
보수적 (Pessimistic),sigma_year,0.1985863992787417
보수적 (Pessimistic),sigma_year,0.22059996082984668
보수적 (Pessimistic),sigma_year,0.11657774043683225
보수적 (Pessimistic),sigma_year,0.13229232261882387
보수적 (Pessimistic),sigma_year,0.13625498551816081
보수적 (Pessimistic),sigma_year,0.14603743200947394
보수적 (Pessimistic),sigma_year,0.08411377959258942
보수적 (Pessimistic),sigma_year,0.06956510852150763
보수적 (Pessimistic),sigma_year,0.10206898573105837
보수적 (Pessimistic),sigma_year,0.18363129577400755
보수적 (Pessimistic),sigma_year,0.20333421165942642
보수적 (Pessimistic),sigma_year,0.166977683703945
보수적 (Pessimistic),sigma_year,0.2142654534848393
보수적 (Pessimistic),sigma_year,0.24560179237112056
보수적 (Pessimistic),sigma_year,0.314841027018368
보수적 (Pessimistic),sigma_year,0.10366790516924335
보수적 (Pessimistic),sigma_year,0.10994100049112832
보수적 (Pessimistic),sigma_year,0.28605134062716653
보수적 (Pessimistic),sigma_year,0.21026619645933478
보수적 (Pessimistic),sigma_year,0.3512149285041543
보수적 (Pessimistic),sigma_year,0.4132030051404662
보수적 (Pessimistic),sigma_year,0.09461643508063906
보수적 (Pessimistic),sigma_year,0.10279879759994742
보수적 (Pessimistic),sigma_year,0.12759959344065896
보수적 (Pessimistic),sigma_year,0.10807630068513514
보수적 (Pessimistic),sigma_year,0.0866322603741577
보수적 (Pessimistic),sigma_year,0.06755371201886481
보수적 (Pessimistic),sigma_year,0.07823428786546192
보수적 (Pessimistic),sigma_year,0.1101110926520336
보수적 (Pessimistic),sigma_year,0.08676993444074857
보수적 (Pessimistic),sigma_year,0.11080633302542493
보수적 (Pessimistic),sigma_year,0.0899438282017774
보수적 (Pessimistic),sigma_year,0.08577864750128467
보수적 (Pessimistic),sigma_year,0.08453129953565883
보수적 (Pessimistic),sigma_year,0.1025355404499815
보수적 (Pessimistic),sigma_year,0.09095602767794914
보수적 (Pessimistic),sigma_year,0.08269912055383552
보수적 (Pessimistic),sigma_year,0.21814390788108548
보수적 (Pessimistic),sigma_year,0.040259339152348424
보수적 (Pessimistic),sigma_year,0.03617918820688555
보수적 (Pessimistic),sigma_year,0.04908793766171178
보수적 (Pessimistic),sigma_year,0.04908793766171178
보수적 (Pessimistic),sigma_year,0.05529857795278438
보수적 (Pessimistic),sigma_year,0.10799397180209204
보수적 (Pessimistic),sigma_year,0.048607886195585016
보수적 (Pessimistic),sigma_year,0.06254321586335813
보수적 (Pessimistic),sigma_year,0.03982124786650681
보수적 (Pessimistic),sigma_year,0.14576075934832763
보수적 (Pessimistic),sigma_year,0.17231230817267937
보수적 (Pessimistic),sigma_year,0.1275595173618484
보수적 (Pessimistic),sigma_year,0.1209240899369754
보수적 (Pessimistic),sigma_year,0.13316317266528296
보수적 (Pessimistic),sigma_year,0.12196341539259316
보수적 (Pessimistic),sigma_year,0.0990798356158055
보수적 (Pessimistic),sigma_year,0.12912797784865465
보수적 (Pessimistic),sigma_year,0.11502603525117064
보수적 (Pessimistic),sigma_year,0.10280412117132745
보수적 (Pessimistic),sigma_year,0.11568402871594456
보수적 (Pessimistic),sigma_year,0.2606330104669225
보수적 (Pessimistic),sigma_year,0.18732695109562963
보수적 (Pessimistic),sigma_year,0.17237613936870094
보수적 (Pessimistic),sigma_year,0.1281757345340234
보수적 (Pessimistic),sigma_year,0.19679249103416452
보수적 (Pessimistic),sigma_year,0.1519776485649769
보수적 (Pessimistic),sigma_year,0.17220084142127287
보수적 (Pessimistic),sigma_year,0.20545147910313194
보수적 (Pessimistic),sigma_year,0.14952719890174265
보수적 (Pessimistic),sigma_year,0.12091977053619209
보수적 (Pessimistic),sigma_year,0.12933281264156232
보수적 (Pessimistic),sigma_year,0.1337225091128815
보수적 (Pessimistic),sigma_year,0.12020203060304725
보수적 (Pessimistic),sigma_year,0.05718622868877872
보수적 (Pessimistic),sigma_year,0.07418492246754771
보수적 (Pessimistic),sigma_year,0.067582937539894
보수적 (Pessimistic),sigma_year,0.067582937539894
보수적 (Pessimistic),sigma_year,0.10221739989689282
보수적 (Pessimistic),sigma_year,0.044673647819190095
보수적 (Pessimistic),sigma_year,0.06345215735745062
보수적 (Pessimistic),sigma_year,0.06558682259855331
보수적 (Pessimistic),sigma_year,0.0720414681564933
보수적 (Pessimistic),sigma_year,0.05694401869411292
보수적 (Pessimistic),sigma_year,0.034683867462392236
보수적 (Pessimistic),sigma_year,0.03384518622891596
보수적 (Pessimistic),sigma_year,0.03384518622891596
보수적 (Pessimistic),sigma_year,0.033753280954983755
보수적 (Pessimistic),sigma_year,0.033753280954983755
보수적 (Pessimistic),sigma_year,0.033753280954983755
보수적 (Pessimistic),sigma_year,0.03805328653590467
보수적 (Pessimistic),sigma_year,0.039363578021681375
보수적 (Pessimistic),sigma_year,0.039363578021681375
보수적 (Pessimistic),sigma_year,0.03883188929573376
보수적 (Pessimistic),sigma_year,0.03826201472323948
보수적 (Pessimistic),sigma_year,0.03826201472323948
보수적 (Pessimistic),sigma_year,0.19226236621036916
보수적 (Pessimistic),sigma_year,0.1317923185926234
보수적 (Pessimistic),sigma_year,0.23987693174455327
보수적 (Pessimistic),sigma_year,0.23052779693574776
보수적 (Pessimistic),sigma_year,0.10856073440331653
보수적 (Pessimistic),sigma_year,0.11688233640166677
보수적 (Pessimistic),sigma_year,0.1145140570250705
보수적 (Pessimistic),sigma_year,0.3143098852471389
보수적 (Pessimistic),sigma_year,0.2564669048602835
보수적 (Pessimistic),sigma_year,0.2155249473124436
보수적 (Pessimistic),sigma_year,0.2107974201835146
보수적 (Pessimistic),sigma_year,0.1731746242504257
보수적 (Pessimistic),sigma_year,0.41704810756023913
보수적 (Pessimistic),sigma_year,0.2748242798403864
보수적 (Pessimistic),sigma_year,0.30560848868172197
보수적 (Pessimistic),sigma_year,0.20735184806009394
보수적 (Pessimistic),sigma_year,0.2364389402276545
보수적 (Pessimistic),sigma_year,0.1367164190389332
보수적 (Pessimistic),sigma_year,0.1320502047267578
보수적 (Pessimistic),sigma_year,0.32415324516626604
보수적 (Pessimistic),sigma_year,0.2616121787910275
보수적 (Pessimistic),sigma_year,0.20289510631198007
보수적 (Pessimistic),sigma_year,0.17590342699447148
보수적 (Pessimistic),sigma_year,0.26838722164101486
보수적 (Pessimistic),sigma_year,0.2938280850777387
보수적 (Pessimistic),sigma_year,0.1956967931998974
보수적 (Pessimistic),sigma_year,0.1349125972519759
보수적 (Pessimistic),sigma_year,0.12898778289276883
보수적 (Pessimistic),sigma_year,0.14689996867726224
보수적 (Pessimistic),sigma_year,0.32980443774347684
보수적 (Pessimistic),sigma_year,0.26529539111622186
보수적 (Pessimistic),sigma_year,0.18114247181349571
보수적 (Pessimistic),sigma_year,0.14757573802869728
보수적 (Pessimistic),sigma_year,0.11981571001723076
보수적 (Pessimistic),sigma_year,0.0764914225437195
보수적 (Pessimistic),sigma_year,0.07397338319787325
보수적 (Pessimistic),sigma_year,0.049901499275791725
보수적 (Pessimistic),sigma_year,0.05397780944207894
보수적 (Pessimistic),sigma_year,0.04532783293496419
보수적 (Pessimistic),sigma_year,0.04532783293496419
보수적 (Pessimistic),sigma_year,0.04532783293496419
보수적 (Pessimistic),sigma_year,0.03715877277505157
보수적 (Pessimistic),sigma_year,0.03547314507284819
보수적 (Pessimistic),sigma_year,0.03512494488587415
보수적 (Pessimistic),sigma_year,0.03512494488587415
보수적 (Pessimistic),sigma_year,0.03512494488587415
보수적 (Pessimistic),sigma_year,0.03512494488587415
보수적 (Pessimistic),sigma_year,0.03773553181782153
보수적 (Pessimistic),sigma_year,0.05085817985274693
보수적 (Pessimistic),sigma_year,0.04940702601802092
보수적 (Pessimistic),sigma_year,0.03703430383126411
보수적 (Pessimistic),sigma_year,0.06820853544625613
보수적 (Pessimistic),sigma_year,0.06715304591986739
보수적 (Pessimistic),sigma_year,0.07206783403466711
보수적 (Pessimistic),sigma_year,0.05817025576972094
보수적 (Pessimistic),sigma_year,0.10106595442997328
보수적 (Pessimistic),sigma_year,0.17614171782518429
보수적 (Pessimistic),sigma_year,0.17688338392416453
보수적 (Pessimistic),sigma_year,0.11418206498598674
보수적 (Pessimistic),sigma_year,0.1815236885004308
보수적 (Pessimistic),sigma_year,0.26632323401955305
보수적 (Pessimistic),sigma_year,0.2184232412703275
보수적 (Pessimistic),sigma_year,0.22863683312433397
보수적 (Pessimistic),sigma_year,0.1846549576488868
보수적 (Pessimistic),sigma_year,0.1767450553852889
보수적 (Pessimistic),sigma_year,0.2314659306987187
보수적 (Pessimistic),sigma_year,0.1656033984026481
보수적 (Pessimistic),sigma_year,0.19126169739622456
보수적 (Pessimistic),sigma_year,0.14815786161612243
보수적 (Pessimistic),sigma_year,0.10602701986540462
보수적 (Pessimistic),sigma_year,0.12985024130427852
보수적 (Pessimistic),sigma_year,0.27841949365164753
보수적 (Pessimistic),sigma_year,0.24625738722496104
보수적 (Pessimistic),sigma_year,0.24030944621718345
보수적 (Pessimistic),sigma_year,0.23684035379024748
보수적 (Pessimistic),sigma_year,0.1812845503127028
보수적 (Pessimistic),sigma_year,0.30065041149247557
보수적 (Pessimistic),sigma_year,0.11480371766294324
보수적 (Pessimistic),sigma_year,0.14945489721281321
보수적 (Pessimistic),sigma_year,0.136983001227107
보수적 (Pessimistic),sigma_year,0.08291063426465865
보수적 (Pessimistic),sigma_year,0.08409325048557871
보수적 (Pessimistic),sigma_year,0.2547951760279456
보수적 (Pessimistic),sigma_year,0.16390526007349274
보수적 (Pessimistic),sigma_year,0.18078506484520215
보수적 (Pessimistic),sigma_year,0.20448406278080153
보수적 (Pessimistic),sigma_year,0.13909364907133648
보수적 (Pessimistic),sigma_year,0.15141158289489476
보수적 (Pessimistic),sigma_year,0.168033912304061
보수적 (Pessimistic),sigma_year,0.2221883825915466
보수적 (Pessimistic),sigma_year,0.1412785409715864
보수적 (Pessimistic),sigma_year,0.11329918577549988
보수적 (Pessimistic),sigma_year,0.30792374034125186
보수적 (Pessimistic),sigma_year,0.16700175724655295
보수적 (Pessimistic),sigma_year,0.17369147952420624
보수적 (Pessimistic),sigma_year,0.31820967481044854
보수적 (Pessimistic),sigma_year,0.2140609383280115
보수적 (Pessimistic),sigma_year,0.2187640390429886
보수적 (Pessimistic),sigma_year,0.35270311611416577
보수적 (Pessimistic),sigma_year,0.10536277661728846
보수적 (Pessimistic),sigma_year,0.22429896452809128
보수적 (Pessimistic),sigma_year,0.1617994966452312
보수적 (Pessimistic),sigma_year,0.11593084932947208
보수적 (Pessimistic),sigma_year,0.11553872916521614
보수적 (Pessimistic),sigma_year,0.228285621985877
보수적 (Pessimistic),sigma_year,0.2140410068101522
보수적 (Pessimistic),sigma_year,0.12635367590736266
보수적 (Pessimistic),sigma_year,0.16964550357243732
보수적 (Pessimistic),sigma_year,0.12798929916226742
보수적 (Pessimistic),sigma_year,0.1603162431971892
보수적 (Pessimistic),sigma_year,0.1884018138127128
보수적 (Pessimistic),sigma_year,0.20972486776878632
보수적 (Pessimistic),sigma_year,0.32269198552843176
보수적 (Pessimistic),sigma_year,0.32269198552843176
보수적 (Pessimistic),sigma_year,0.15962160728727565
보수적 (Pessimistic),sigma_year,0.35170560539853835
보수적 (Pessimistic),sigma_year,0.3444355293324106
보수적 (Pessimistic),sigma_year,0.295041797793702
보수적 (Pessimistic),sigma_year,0.30640589152193176
보수적 (Pessimistic),sigma_year,0.24808186637628685
보수적 (Pessimistic),sigma_year,0.250148649250694
보수적 (Pessimistic),sigma_year,0.215402611128401
보수적 (Pessimistic),sigma_year,0.1972215848195225
보수적 (Pessimistic),sigma_year,0.310405427997189
보수적 (Pessimistic),sigma_year,0.3637109389367413
보수적 (Pessimistic),sigma_year,0.5420723058565652
보수적 (Pessimistic),sigma_year,0.48910051262505005
보수적 (Pessimistic),sigma_year,0.19206794941719277
보수적 (Pessimistic),sigma_year,0.24525539829080847
보수적 (Pessimistic),sigma_year,0.2994044222193142
보수적 (Pessimistic),sigma_year,0.17608627301133162
보수적 (Pessimistic),sigma_year,0.21642444954358256
보수적 (Pessimistic),sigma_year,0.40093298625153245
보수적 (Pessimistic),sigma_year,0.28361062745504584
보수적 (Pessimistic),sigma_year,0.18442332059299274
보수적 (Pessimistic),sigma_year,0.26018239224588324
보수적 (Pessimistic),sigma_year,0.3410689039324273
보수적 (Pessimistic),sigma_year,0.354875032570613
보수적 (Pessimistic),sigma_year,0.26744705770475297
보수적 (Pessimistic),sigma_year,0.2607117447711979
보수적 (Pessimistic),sigma_year,0.14360005818549712
보수적 (Pessimistic),sigma_year,0.1886762581480819
보수적 (Pessimistic),sigma_year,0.1328246705221696
보수적 (Pessimistic),sigma_year,0.13332049168227447
보수적 (Pessimistic),sigma_year,0.15315751933090252
보수적 (Pessimistic),sigma_year,0.14541254904699932
보수적 (Pessimistic),sigma_year,0.31957950319924755
보수적 (Pessimistic),sigma_year,0.11699564758003961
보수적 (Pessimistic),sigma_year,0.348067021738604
보수적 (Pessimistic),sigma_year,0.2544476050893146
보수적 (Pessimistic),sigma_year,0.31643726330606226
보수적 (Pessimistic),sigma_year,0.27652115220259144
보수적 (Pessimistic),sigma_year,0.23024309840165835
보수적 (Pessimistic),sigma_year,0.33952624003860826
보수적 (Pessimistic),sigma_year,0.27664128047712255
보수적 (Pessimistic),sigma_year,0.2628005342826163
보수적 (Pessimistic),sigma_year,0.24642734416776912
보수적 (Pessimistic),sigma_year,0.21269445653263336
보수적 (Pessimistic),sigma_year,0.25805186027073357
보수적 (Pessimistic),sigma_year,0.2519016498499959
보수적 (Pessimistic),sigma_year,0.1545254255726256
보수적 (Pessimistic),sigma_year,0.1813428091066226
보수적 (Pessimistic),sigma_year,0.20343254508125122
보수적 (Pessimistic),sigma_year,0.18813869770241332
보수적 (Pessimistic),sigma_year,0.24393515791787546
보수적 (Pessimistic),sigma_year,0.27660427358566214
보수적 (Pessimistic),sigma_year,0.23365433118193038
보수적 (Pessimistic),sigma_year,0.21703628478234202
보수적 (Pessimistic),sigma_year,0.17382977823661572
보수적 (Pessimistic),sigma_year,0.20843478167706103
보수적 (Pessimistic),sigma_year,0.22669362695848977
보수적 (Pessimistic),sigma_year,0.19196517828222492
보수적 (Pessimistic),sigma_year,0.43888818943869284
보수적 (Pessimistic),sigma_year,0.27088392299862046
보수적 (Pessimistic),sigma_year,0.34899598858400704
보수적 (Pessimistic),sigma_year,0.336873699158705
보수적 (Pessimistic),sigma_year,0.24708913031195825
보수적 (Pessimistic),sigma_year,0.18185558784597317
보수적 (Pessimistic),sigma_year,0.19437189639964028
보수적 (Pessimistic),sigma_year,0.20606342645577505
보수적 (Pessimistic),sigma_year,0.19745308540503695
보수적 (Pessimistic),sigma_year,0.13039695975611873
보수적 (Pessimistic),sigma_year,0.14745195766425723
보수적 (Pessimistic),sigma_year,0.16833718152048446
보수적 (Pessimistic),sigma_year,0.1960343791402982
보수적 (Pessimistic),sigma_year,0.10355229142459099
보수적 (Pessimistic),sigma_year,0.11755197704618732
보수적 (Pessimistic),sigma_year,0.09441312582879048
보수적 (Pessimistic),sigma_year,0.17523550248273306
보수적 (Pessimistic),sigma_year,0.12659040902097995
보수적 (Pessimistic),sigma_year,0.1568771833939436
보수적 (Pessimistic),sigma_year,0.1258032530552721
보수적 (Pessimistic),sigma_year,0.1881154983998002
보수적 (Pessimistic),sigma_year,0.2660135227308494
보수적 (Pessimistic),sigma_year,0.36905395464726426
보수적 (Pessimistic),sigma_year,0.1461048244006505
보수적 (Pessimistic),sigma_year,0.3838051443017075
보수적 (Pessimistic),sigma_year,0.08684951456510678
보수적 (Pessimistic),sigma_year,0.06953650423298148
보수적 (Pessimistic),sigma_year,0.06681594489393768
보수적 (Pessimistic),sigma_year,0.07589498605659027
보수적 (Pessimistic),sigma_year,0.13154491295122758
보수적 (Pessimistic),sigma_year,0.09132442510817397
보수적 (Pessimistic),sigma_year,0.11983778085901595
보수적 (Pessimistic),sigma_year,0.07712532967880498
보수적 (Pessimistic),sigma_year,0.08800167122789661
보수적 (Pessimistic),sigma_year,0.04852832084783558
보수적 (Pessimistic),sigma_year,0.08607812928642841
보수적 (Pessimistic),sigma_year,0.10782960758903692
보수적 (Pessimistic),sigma_year,0.06717623059370678
보수적 (Pessimistic),sigma_year,0.1902036947743094
보수적 (Pessimistic),sigma_year,0.0733895292182837
보수적 (Pessimistic),sigma_year,0.12020543439542121
보수적 (Pessimistic),sigma_year,0.0615624182298455
보수적 (Pessimistic),sigma_year,0.08976491757128797
보수적 (Pessimistic),sigma_year,0.12658792278398795
보수적 (Pessimistic),sigma_year,0.2367936260038078
보수적 (Pessimistic),sigma_year,0.12483108556490947
보수적 (Pessimistic),sigma_year,0.1106198978770941
보수적 (Pessimistic),sigma_year,0.043749826134187576
보수적 (Pessimistic),sigma_year,0.043749826134187576
보수적 (Pessimistic),sigma_year,0.03462405534021284
보수적 (Pessimistic),sigma_year,0.028894036273134104
보수적 (Pessimistic),sigma_year,0.03118607534188046
보수적 (Pessimistic),sigma_year,0.02940829061283876
보수적 (Pessimistic),sigma_year,0.02940829061283876
보수적 (Pessimistic),sigma_year,0.02940829061283876
보수적 (Pessimistic),sigma_year,0.03434234753712013
보수적 (Pessimistic),sigma_year,0.033487340129515666
보수적 (Pessimistic),sigma_year,0.033487340129515666
보수적 (Pessimistic),sigma_year,0.033487340129515666
보수적 (Pessimistic),sigma_year,0.0491842011266166
보수적 (Pessimistic),sigma_year,0.04776488014094754
보수적 (Pessimistic),sigma_year,0.03532984032095147
보수적 (Pessimistic),sigma_year,0.032396201598457984
보수적 (Pessimistic),sigma_year,0.0290760675642143
보수적 (Pessimistic),sigma_year,0.02921968811474517
보수적 (Pessimistic),sigma_year,0.02921968811474517
보수적 (Pessimistic),sigma_year,0.029918427567302966
보수적 (Pessimistic),sigma_year,0.03297202123240273
보수적 (Pessimistic),sigma_year,0.03411513384928631
보수적 (Pessimistic),sigma_year,0.03411513384928631
보수적 (Pessimistic),sigma_year,0.03411513384928631
보수적 (Pessimistic),sigma_year,0.03235988948218497
보수적 (Pessimistic),sigma_year,0.03235988948218497
보수적 (Pessimistic),sigma_year,0.03484152474434038
보수적 (Pessimistic),sigma_year,0.03484152474434038
보수적 (Pessimistic),sigma_year,0.03484152474434038
보수적 (Pessimistic),sigma_year,0.03484152474434038
보수적 (Pessimistic),sigma_year,0.03484152474434038
보수적 (Pessimistic),sigma_year,0.031098993618025348
보수적 (Pessimistic),sigma_year,0.027296344600565462
보수적 (Pessimistic),sigma_year,0.027296344600565462
보수적 (Pessimistic),sigma_year,0.027296344600565462
보수적 (Pessimistic),sigma_year,0.027296344600565462
보수적 (Pessimistic),sigma_year,0.02693288086935872
보수적 (Pessimistic),sigma_year,0.02693288086935872
보수적 (Pessimistic),sigma_year,0.024391395431314442
보수적 (Pessimistic),sigma_year,0.024391395431314442
보수적 (Pessimistic),sigma_year,0.024391395431314442
보수적 (Pessimistic),sigma_year,0.024391395431314442
보수적 (Pessimistic),sigma_year,0.024391395431314442
보수적 (Pessimistic),sigma_year,0.024391395431314442
보수적 (Pessimistic),sigma_year,0.024391395431314442
보수적 (Pessimistic),sigma_year,0.024391395431314442
보수적 (Pessimistic),sigma_year,0.024391395431314442
보수적 (Pessimistic),sigma_year,0.024391395431314442
보수적 (Pessimistic),sigma_year,0.024391395431314442
보수적 (Pessimistic),sigma_year,0.024391395431314442
보수적 (Pessimistic),sigma_year,0.024391395431314442
보수적 (Pessimistic),sigma_year,0.024391395431314442
보수적 (Pessimistic),sigma_year,0.024391395431314442
보수적 (Pessimistic),sigma_year,0.024391395431314442
보수적 (Pessimistic),sigma_year,0.024391395431314442
보수적 (Pessimistic),sigma_year,0.024391395431314442
보수적 (Pessimistic),sigma_year,0.024391395431314442
보수적 (Pessimistic),sigma_year,0.024391395431314442
보수적 (Pessimistic),sigma_year,0.024391395431314442
보수적 (Pessimistic),sigma_year,0.024391395431314442
보수적 (Pessimistic),sigma_year,0.024391395431314442
보수적 (Pessimistic),sigma_year,0.024391395431314442
보수적 (Pessimistic),sigma_year,0.024391395431314442
보수적 (Pessimistic),sigma_year,0.024391395431314442
보수적 (Pessimistic),sigma_year,0.024391395431314442
보수적 (Pessimistic),sigma_year,0.024391395431314442
보수적 (Pessimistic),sigma_year,0.024391395431314442
보수적 (Pessimistic),sigma_year,0.024391395431314442
보수적 (Pessimistic),sigma_year,0.024391395431314442
보수적 (Pessimistic),sigma_year,0.024391395431314442
보수적 (Pessimistic),sigma_year,0.024391395431314442
보수적 (Pessimistic),sigma_year,0.024391395431314442
보수적 (Pessimistic),sigma_year,0.024391395431314442
보수적 (Pessimistic),sigma_year,0.024383755858560133
보수적 (Pessimistic),sigma_year,0.024383755858560133
보수적 (Pessimistic),sigma_year,0.024383755858560133
보수적 (Pessimistic),sigma_year,0.02982506518505263
보수적 (Pessimistic),sigma_year,0.02982506518505263
보수적 (Pessimistic),sigma_year,0.031422514112844815
보수적 (Pessimistic),sigma_year,0.031422514112844815
보수적 (Pessimistic),sigma_year,0.028543582161303004
보수적 (Pessimistic),sigma_year,0.02845558138563794
보수적 (Pessimistic),sigma_year,0.02845558138563794
보수적 (Pessimistic),sigma_year,0.027604001644253518
보수적 (Pessimistic),sigma_year,0.027604001644253518
보수적 (Pessimistic),sigma_year,0.030122362672287975
보수적 (Pessimistic),sigma_year,0.030122362672287975
보수적 (Pessimistic),sigma_year,0.030122362672287975
보수적 (Pessimistic),sigma_year,0.03658271970933309
보수적 (Pessimistic),sigma_year,0.03450944451438056
보수적 (Pessimistic),sigma_year,0.03267805126296249
보수적 (Pessimistic),sigma_year,0.03400065810362889
보수적 (Pessimistic),sigma_year,0.03400065810362889
보수적 (Pessimistic),sigma_year,0.03400065810362889
보수적 (Pessimistic),sigma_year,0.07961572188198765
보수적 (Pessimistic),sigma_year,0.07134675250367163
보수적 (Pessimistic),sigma_year,0.10634038222640851
보수적 (Pessimistic),sigma_year,0.04863256484814397
보수적 (Pessimistic),sigma_year,0.060531638158442126
보수적 (Pessimistic),sigma_year,0.05247939824473445
보수적 (Pessimistic),sigma_year,0.10663773629014771
보수적 (Pessimistic),sigma_year,0.06076032006621924
보수적 (Pessimistic),sigma_year,0.05012307628296642
보수적 (Pessimistic),sigma_year,0.053259212150007625
보수적 (Pessimistic),sigma_year,0.07358376313376294
보수적 (Pessimistic),sigma_year,0.07383756740569772
보수적 (Pessimistic),sigma_year,0.10390456006322224
보수적 (Pessimistic),sigma_year,0.21844965990431775
보수적 (Pessimistic),sigma_year,0.12104490136197014
보수적 (Pessimistic),sigma_year,0.2093627947206859
보수적 (Pessimistic),sigma_year,0.2609301319107285
보수적 (Pessimistic),sigma_year,0.4253010812541876
보수적 (Pessimistic),sigma_year,0.3413302092647127
보수적 (Pessimistic),sigma_year,0.13041635463693418
보수적 (Pessimistic),sigma_year,0.19048514449506132
보수적 (Pessimistic),sigma_year,0.21655311959988233
보수적 (Pessimistic),sigma_year,0.25150144104664884
보수적 (Pessimistic),sigma_year,0.20783933730825
보수적 (Pessimistic),sigma_year,0.24608923729443452
보수적 (Pessimistic),sigma_year,0.23779052882700163
보수적 (Pessimistic),sigma_year,0.22295584759081077
보수적 (Pessimistic),sigma_year,0.2042425629484788
보수적 (Pessimistic),sigma_year,0.161213076364931
보수적 (Pessimistic),sigma_year,0.08634525422552371
보수적 (Pessimistic),sigma_year,0.08981208491436361
보수적 (Pessimistic),sigma_year,0.1549019864485229
보수적 (Pessimistic),sigma_year,0.15675710596158202
보수적 (Pessimistic),sigma_year,0.1235354526546135
보수적 (Pessimistic),sigma_year,0.38867369285869086
보수적 (Pessimistic),sigma_year,0.0955797031742127
보수적 (Pessimistic),sigma_year,0.33992583721711667
보수적 (Pessimistic),sigma_year,0.1312794436340083
보수적 (Pessimistic),sigma_year,0.1709395365749054
보수적 (Pessimistic),sigma_year,0.2778382644528499
보수적 (Pessimistic),sigma_year,0.20621698911879854
보수적 (Pessimistic),sigma_year,0.1388850967694174
보수적 (Pessimistic),sigma_year,0.17416459203839396
보수적 (Pessimistic),sigma_year,0.31787481136487516
보수적 (Pessimistic),sigma_year,0.28785234155432526
보수적 (Pessimistic),sigma_year,0.319408107089285
보수적 (Pessimistic),sigma_year,0.1792495520329864
보수적 (Pessimistic),sigma_year,0.1516892148780946
보수적 (Pessimistic),sigma_year,0.11663782421317431
보수적 (Pessimistic),sigma_year,0.2514501551053812
보수적 (Pessimistic),sigma_year,0.13023081191230318
보수적 (Pessimistic),sigma_year,0.19521035880781792
보수적 (Pessimistic),sigma_year,0.04350499606227157
보수적 (Pessimistic),sigma_year,0.04350499606227157
보수적 (Pessimistic),sigma_year,0.05934127524880876
보수적 (Pessimistic),sigma_year,0.12578685005166157
보수적 (Pessimistic),sigma_year,0.04017737628580289
보수적 (Pessimistic),sigma_year,0.03644045656856565
보수적 (Pessimistic),sigma_year,0.03644045656856565
보수적 (Pessimistic),sigma_year,0.04516881586341019
보수적 (Pessimistic),sigma_year,0.03308641322201832
보수적 (Pessimistic),sigma_year,0.03518073845358392
보수적 (Pessimistic),sigma_year,0.03518073845358392
보수적 (Pessimistic),sigma_year,0.03215996399914646
보수적 (Pessimistic),sigma_year,0.03215996399914646
보수적 (Pessimistic),sigma_year,0.03215996399914646
보수적 (Pessimistic),sigma_year,0.03215996399914646
보수적 (Pessimistic),sigma_year,0.03215996399914646
보수적 (Pessimistic),sigma_year,0.03215996399914646
보수적 (Pessimistic),sigma_year,0.03624694786738887
보수적 (Pessimistic),sigma_year,0.03624694786738887
보수적 (Pessimistic),sigma_year,0.08215263593149699
보수적 (Pessimistic),sigma_year,0.0731209142733716
보수적 (Pessimistic),sigma_year,0.08964708968632247
보수적 (Pessimistic),sigma_year,0.1220994570885696
보수적 (Pessimistic),sigma_year,0.12576290741467452
보수적 (Pessimistic),sigma_year,0.10504070435033014
보수적 (Pessimistic),sigma_year,0.14650800137315073
보수적 (Pessimistic),sigma_year,0.17149159843512096
보수적 (Pessimistic),sigma_year,0.21536398563349762
보수적 (Pessimistic),sigma_year,0.2141539263772924
보수적 (Pessimistic),sigma_year,0.07561969563996594
보수적 (Pessimistic),sigma_year,0.094204779710495
보수적 (Pessimistic),sigma_year,0.08037125878375385
보수적 (Pessimistic),sigma_year,0.08432062485923018
보수적 (Pessimistic),sigma_year,0.06251458551905976
보수적 (Pessimistic),sigma_year,0.05921160515166418
보수적 (Pessimistic),sigma_year,0.06284655987601082
보수적 (Pessimistic),sigma_year,0.11502409827364585
보수적 (Pessimistic),sigma_year,0.11502409827364585
보수적 (Pessimistic),sigma_year,0.08456010083084471
보수적 (Pessimistic),sigma_year,0.1735935783169431
보수적 (Pessimistic),sigma_year,0.16083430592651363
보수적 (Pessimistic),sigma_year,0.12081803888999208
보수적 (Pessimistic),sigma_year,0.1869548089020376
보수적 (Pessimistic),sigma_year,0.13309420806578465
보수적 (Pessimistic),sigma_year,0.2498860524005228
보수적 (Pessimistic),sigma_year,0.25675151411394276
보수적 (Pessimistic),sigma_year,0.10514835443247858
보수적 (Pessimistic),sigma_year,0.06952585284881128
보수적 (Pessimistic),sigma_year,0.05475028376271864
보수적 (Pessimistic),sigma_year,0.03684943832002243
보수적 (Pessimistic),sigma_year,0.03762576799442657
보수적 (Pessimistic),sigma_year,0.05154275978119064
보수적 (Pessimistic),sigma_year,0.0915891443257425
보수적 (Pessimistic),sigma_year,0.08664342640284955
보수적 (Pessimistic),sigma_year,0.06603827719108345
보수적 (Pessimistic),sigma_year,0.06148878254496835
보수적 (Pessimistic),sigma_year,0.10228086669414055
보수적 (Pessimistic),sigma_year,0.185650386983915
보수적 (Pessimistic),sigma_year,0.15118789536701221
보수적 (Pessimistic),sigma_year,0.09989203204360107
보수적 (Pessimistic),sigma_year,0.3025272746774204
보수적 (Pessimistic),sigma_year,0.2404286743208762
보수적 (Pessimistic),sigma_year,0.23362424073313987
보수적 (Pessimistic),sigma_year,0.18915265522748967
보수적 (Pessimistic),sigma_year,0.2821925591082466
보수적 (Pessimistic),sigma_year,0.08523599838651506
보수적 (Pessimistic),sigma_year,0.07671112986773987
보수적 (Pessimistic),sigma_year,0.0819268553103905
보수적 (Pessimistic),sigma_year,0.12781042044246355
보수적 (Pessimistic),sigma_year,0.09197663343827292
보수적 (Pessimistic),sigma_year,0.16515581902498472
보수적 (Pessimistic),sigma_year,0.18296983758296123
보수적 (Pessimistic),sigma_year,0.28629096882438043
보수적 (Pessimistic),sigma_year,0.046480043472724275
보수적 (Pessimistic),sigma_year,0.046480043472724275
보수적 (Pessimistic),sigma_year,0.04220368712718295
보수적 (Pessimistic),sigma_year,0.04282486150616391
보수적 (Pessimistic),sigma_year,0.05106369403700048
보수적 (Pessimistic),sigma_year,0.12719153623231874
보수적 (Pessimistic),sigma_year,0.11549602098658737
보수적 (Pessimistic),sigma_year,0.11551500291756076
보수적 (Pessimistic),sigma_year,0.10180831165447694
보수적 (Pessimistic),sigma_year,0.11527213923154976
보수적 (Pessimistic),sigma_year,0.1375042633472582
보수적 (Pessimistic),sigma_year,0.18445992427861688
보수적 (Pessimistic),sigma_year,0.17983319842279
보수적 (Pessimistic),sigma_year,0.14713981199789833
보수적 (Pessimistic),sigma_year,0.10750758206869993
보수적 (Pessimistic),sigma_year,0.06255083405516916
보수적 (Pessimistic),sigma_year,0.0518857238347694
보수적 (Pessimistic),sigma_year,0.18404633696268013
보수적 (Pessimistic),sigma_year,0.18030033316387065
보수적 (Pessimistic),sigma_year,0.16239232477538987
보수적 (Pessimistic),sigma_year,0.06766393496010062
보수적 (Pessimistic),sigma_year,0.0769962951139989
보수적 (Pessimistic),sigma_year,0.3237258923127132
보수적 (Pessimistic),sigma_year,0.17688500342804336
보수적 (Pessimistic),sigma_year,0.20540645968005153
보수적 (Pessimistic),sigma_year,0.19794587964173815
보수적 (Pessimistic),sigma_year,0.1394658821865622
보수적 (Pessimistic),sigma_year,0.08814219598316478
보수적 (Pessimistic),sigma_year,0.07180368004142207
보수적 (Pessimistic),sigma_year,0.05882759819132756
보수적 (Pessimistic),sigma_year,0.05976437441939813
보수적 (Pessimistic),sigma_year,0.058916255903232156
보수적 (Pessimistic),sigma_year,0.058916255903232156
보수적 (Pessimistic),sigma_year,0.060905174479543175
보수적 (Pessimistic),sigma_year,0.05671049698296357
보수적 (Pessimistic),sigma_year,0.116605419163192
보수적 (Pessimistic),sigma_year,0.34226357552757053
보수적 (Pessimistic),sigma_year,0.27509192103043534
보수적 (Pessimistic),sigma_year,0.2739498787054449
보수적 (Pessimistic),sigma_year,0.21976818757470368
보수적 (Pessimistic),sigma_year,0.21976818757470368
보수적 (Pessimistic),sigma_year,0.21077374960868203
보수적 (Pessimistic),sigma_year,0.16125433472962378
보수적 (Pessimistic),sigma_year,0.20095328057784917
보수적 (Pessimistic),sigma_year,0.24266085094544496
보수적 (Pessimistic),sigma_year,0.23420800129622138
보수적 (Pessimistic),sigma_year,0.3135634389028443
보수적 (Pessimistic),sigma_year,0.35255487625529475
보수적 (Pessimistic),sigma_year,0.31916255554700873
보수적 (Pessimistic),sigma_year,0.35415852440884665
보수적 (Pessimistic),sigma_year,0.2597209700011715
보수적 (Pessimistic),sigma_year,0.08661742847509647
보수적 (Pessimistic),sigma_year,0.42780127086311204
보수적 (Pessimistic),sigma_year,0.10209675405616273
보수적 (Pessimistic),sigma_year,0.10955188097052072
보수적 (Pessimistic),sigma_year,0.21411721038298434
보수적 (Pessimistic),sigma_year,0.2075523657833674
보수적 (Pessimistic),sigma_year,0.24889825502234816
보수적 (Pessimistic),sigma_year,0.24791020621395088
보수적 (Pessimistic),sigma_year,0.23505885598484935
보수적 (Pessimistic),sigma_year,0.17615864293850628
보수적 (Pessimistic),sigma_year,0.22418123527452877
보수적 (Pessimistic),sigma_year,0.24388875759445006
보수적 (Pessimistic),sigma_year,0.24176541498719686
보수적 (Pessimistic),sigma_year,0.2219703603830146
보수적 (Pessimistic),sigma_year,0.18091786514217967
보수적 (Pessimistic),sigma_year,0.11061651427212367
보수적 (Pessimistic),sigma_year,0.10335951650875637
보수적 (Pessimistic),sigma_year,0.16072292054786544
보수적 (Pessimistic),sigma_year,0.22270112116976748
보수적 (Pessimistic),sigma_year,0.3034167258840853
보수적 (Pessimistic),sigma_year,0.2033754130858403
보수적 (Pessimistic),sigma_year,0.06767168759660958
보수적 (Pessimistic),sigma_year,0.08491587614229479
보수적 (Pessimistic),sigma_year,0.0715595242799055
보수적 (Pessimistic),sigma_year,0.11774931585115529
보수적 (Pessimistic),sigma_year,0.049279152147611444
보수적 (Pessimistic),sigma_year,0.04816562359385592
보수적 (Pessimistic),sigma_year,0.05044521338219163
보수적 (Pessimistic),sigma_year,0.11914286097381506
보수적 (Pessimistic),sigma_year,0.11347214911102563
보수적 (Pessimistic),sigma_year,0.11257319428459274
보수적 (Pessimistic),sigma_year,0.09235030215648504
보수적 (Pessimistic),sigma_year,0.10365603633251064
보수적 (Pessimistic),sigma_year,0.06726423679685165
보수적 (Pessimistic),sigma_year,0.08843499251831616
보수적 (Pessimistic),sigma_year,0.25554502295342646
보수적 (Pessimistic),sigma_year,0.10074137924691355
보수적 (Pessimistic),sigma_year,0.3363919167536403
보수적 (Pessimistic),sigma_year,0.2675194523282924
보수적 (Pessimistic),sigma_year,0.3318036310455208
보수적 (Pessimistic),sigma_year,0.284141051163124
보수적 (Pessimistic),sigma_year,0.28148282324691976
보수적 (Pessimistic),sigma_year,0.24366760870731943
보수적 (Pessimistic),sigma_year,0.21803015235324985
보수적 (Pessimistic),sigma_year,0.18834308343449888
보수적 (Pessimistic),sigma_year,0.4046518195515
보수적 (Pessimistic),sigma_year,0.386925728402315
보수적 (Pessimistic),sigma_year,0.30492590317046436
보수적 (Pessimistic),sigma_year,0.18778501101724332
보수적 (Pessimistic),sigma_year,0.34040038532597827
보수적 (Pessimistic),sigma_year,0.3269461513590199
보수적 (Pessimistic),sigma_year,0.21957625140218326
보수적 (Pessimistic),sigma_year,0.3904552516670193
보수적 (Pessimistic),sigma_year,0.32582795780395707
보수적 (Pessimistic),sigma_year,0.24976399570981558
보수적 (Pessimistic),sigma_year,0.28083679480610446
보수적 (Pessimistic),sigma_year,0.19387104170317307
보수적 (Pessimistic),sigma_year,0.15977106241510045
보수적 (Pessimistic),sigma_year,0.08415604652352635
보수적 (Pessimistic),sigma_year,0.08080196146783006
보수적 (Pessimistic),sigma_year,0.06527438901584867
보수적 (Pessimistic),sigma_year,0.09855474407403335
보수적 (Pessimistic),sigma_year,0.10879818091606859
보수적 (Pessimistic),sigma_year,0.10184076781664264
보수적 (Pessimistic),sigma_year,0.10184076781664264
보수적 (Pessimistic),sigma_year,0.18984952516637993
보수적 (Pessimistic),sigma_year,0.25177673659175565
보수적 (Pessimistic),sigma_year,0.2343796257011784
보수적 (Pessimistic),sigma_year,0.08628850435272044
보수적 (Pessimistic),sigma_year,0.05637733539687821
보수적 (Pessimistic),sigma_year,0.05004627918189001
보수적 (Pessimistic),sigma_year,0.05004627918189001
보수적 (Pessimistic),sigma_year,0.0517244411340137
보수적 (Pessimistic),sigma_year,0.04607886969237097
보수적 (Pessimistic),sigma_year,0.054296621350969805
보수적 (Pessimistic),sigma_year,0.07464243988763923
보수적 (Pessimistic),sigma_year,0.0689366665523978
보수적 (Pessimistic),sigma_year,0.07593331815412545
보수적 (Pessimistic),sigma_year,0.07760525562327307
보수적 (Pessimistic),sigma_year,0.08501666533679816
보수적 (Pessimistic),sigma_year,0.07179054321128045
보수적 (Pessimistic),sigma_year,0.07631565788987338
보수적 (Pessimistic),sigma_year,0.07840103923771523
보수적 (Pessimistic),sigma_year,0.10415951797034154
보수적 (Pessimistic),sigma_year,0.12224876280921083
보수적 (Pessimistic),sigma_year,0.10184924104921379
보수적 (Pessimistic),sigma_year,0.04397105632186598
보수적 (Pessimistic),sigma_year,0.06799264940464485
보수적 (Pessimistic),sigma_year,0.04461411498942478
보수적 (Pessimistic),sigma_year,0.06578534212578288
보수적 (Pessimistic),sigma_year,0.05147777092777459
보수적 (Pessimistic),sigma_year,0.22661320845104757
보수적 (Pessimistic),sigma_year,0.10813465103077646
보수적 (Pessimistic),sigma_year,0.1675021081301701
보수적 (Pessimistic),sigma_year,0.1503571884750731
보수적 (Pessimistic),sigma_year,0.14580175521424774
보수적 (Pessimistic),sigma_year,0.1589540279015656
보수적 (Pessimistic),sigma_year,0.16232767604890966
보수적 (Pessimistic),sigma_year,0.14364497607812457
보수적 (Pessimistic),sigma_year,0.09904203424900457
보수적 (Pessimistic),sigma_year,0.10219162180481287
보수적 (Pessimistic),sigma_year,0.060041505127847734
보수적 (Pessimistic),sigma_year,0.0598965273732621
보수적 (Pessimistic),sigma_year,0.05093909075272855
보수적 (Pessimistic),sigma_year,0.05928433974862197
보수적 (Pessimistic),sigma_year,0.0830973867124111
보수적 (Pessimistic),sigma_year,0.1414473167765772
보수적 (Pessimistic),sigma_year,0.12110951851880092
보수적 (Pessimistic),sigma_year,0.2671879799001984
보수적 (Pessimistic),sigma_year,0.10170708096302176
보수적 (Pessimistic),sigma_year,0.09823932308371167
보수적 (Pessimistic),sigma_year,0.10427306788093774
보수적 (Pessimistic),sigma_year,0.12235169666639653
보수적 (Pessimistic),sigma_year,0.1160411680188112
보수적 (Pessimistic),sigma_year,0.1836376136944274
보수적 (Pessimistic),sigma_year,0.14845172200084084
보수적 (Pessimistic),sigma_year,0.0642451365799838
보수적 (Pessimistic),sigma_year,0.10390806553225722
보수적 (Pessimistic),sigma_year,0.10641439670960301
보수적 (Pessimistic),sigma_year,0.09676074020454893
보수적 (Pessimistic),sigma_year,0.18089886237349898
보수적 (Pessimistic),sigma_year,0.20597260536134343
보수적 (Pessimistic),sigma_year,0.1648599935246356
보수적 (Pessimistic),sigma_year,0.34075910863081604
보수적 (Pessimistic),sigma_year,0.12388296925622669
보수적 (Pessimistic),sigma_year,0.12705494839203105
보수적 (Pessimistic),sigma_year,0.19086214482214134
보수적 (Pessimistic),sigma_year,0.09464899132493314
보수적 (Pessimistic),sigma_year,0.1262210256485099
보수적 (Pessimistic),sigma_year,0.1410744796613201
보수적 (Pessimistic),sigma_year,0.10580673045651462
보수적 (Pessimistic),sigma_year,0.07329921383100661
보수적 (Pessimistic),sigma_year,0.11411860287034918
보수적 (Pessimistic),sigma_year,0.18752695020692986
보수적 (Pessimistic),sigma_year,0.058203293352739736
보수적 (Pessimistic),sigma_year,0.07800106026277709
보수적 (Pessimistic),sigma_year,0.07913108144461639
보수적 (Pessimistic),sigma_year,0.11279606814764774
보수적 (Pessimistic),sigma_year,0.1354221567443722
보수적 (Pessimistic),sigma_year,0.125854596138439
보수적 (Pessimistic),sigma_year,0.06850595725889755
보수적 (Pessimistic),sigma_year,0.06713549522572848
보수적 (Pessimistic),sigma_year,0.04023910114997323
보수적 (Pessimistic),sigma_year,0.07725057414076694
보수적 (Pessimistic),sigma_year,0.047521510846778726
보수적 (Pessimistic),sigma_year,0.05087031940537014
보수적 (Pessimistic),sigma_year,0.056064448482957045
보수적 (Pessimistic),sigma_year,0.13679671610199268
보수적 (Pessimistic),sigma_year,0.14958475716953043
보수적 (Pessimistic),sigma_year,0.12542313912857048
보수적 (Pessimistic),sigma_year,0.385896649003779
보수적 (Pessimistic),sigma_year,0.10426337843131057
보수적 (Pessimistic),sigma_year,0.09276703077815565
보수적 (Pessimistic),sigma_year,0.09981534226067007
보수적 (Pessimistic),sigma_year,0.14262100467868147
보수적 (Pessimistic),sigma_year,0.13008397279493497
보수적 (Pessimistic),sigma_year,0.1855153482720272
보수적 (Pessimistic),sigma_year,0.18994854919834203
보수적 (Pessimistic),sigma_year,0.18366570949961694
보수적 (Pessimistic),sigma_year,0.10095196846195337
보수적 (Pessimistic),sigma_year,0.1683382882427316
보수적 (Pessimistic),sigma_year,0.12954043874625978
보수적 (Pessimistic),sigma_year,0.19653453627700382
보수적 (Pessimistic),sigma_year,0.19568263388319532
보수적 (Pessimistic),sigma_year,0.1757504688757012
보수적 (Pessimistic),sigma_year,0.10174217376483731
보수적 (Pessimistic),sigma_year,0.18117072874407678
보수적 (Pessimistic),sigma_year,0.27760366545966797
보수적 (Pessimistic),sigma_year,0.20303533104652607
보수적 (Pessimistic),sigma_year,0.11458342077577838
보수적 (Pessimistic),sigma_year,0.14653340065125114
보수적 (Pessimistic),sigma_year,0.14572779875959785
보수적 (Pessimistic),sigma_year,0.12522769282434357
보수적 (Pessimistic),sigma_year,0.14009613749026192
보수적 (Pessimistic),sigma_year,0.22695144603603057
보수적 (Pessimistic),sigma_year,0.15016917597578996
보수적 (Pessimistic),sigma_year,0.571694970981542
보수적 (Pessimistic),sigma_year,0.22172885937123635
보수적 (Pessimistic),sigma_year,0.1299311834403757
보수적 (Pessimistic),sigma_year,0.2824389283327692
보수적 (Pessimistic),sigma_year,0.22431752403842556
보수적 (Pessimistic),sigma_year,0.26471917880158263
보수적 (Pessimistic),sigma_year,0.38171936144592045
보수적 (Pessimistic),sigma_year,0.2814107654194996
보수적 (Pessimistic),sigma_year,0.23693107801584695
보수적 (Pessimistic),sigma_year,0.258717337097998
보수적 (Pessimistic),sigma_year,0.23571986876131243
보수적 (Pessimistic),sigma_year,0.35473866635173185
보수적 (Pessimistic),sigma_year,0.2539417796464574
보수적 (Pessimistic),sigma_year,0.2320767265450819
보수적 (Pessimistic),sigma_year,0.2613970925399771
보수적 (Pessimistic),sigma_year,0.14308393698102106
보수적 (Pessimistic),sigma_year,0.307135769683979
보수적 (Pessimistic),sigma_year,0.1301858966251724
보수적 (Pessimistic),sigma_year,0.12530223130390858
보수적 (Pessimistic),sigma_year,0.23066862610296765
보수적 (Pessimistic),sigma_year,0.3185971213968672
보수적 (Pessimistic),sigma_year,0.16219104146867072
보수적 (Pessimistic),sigma_year,0.15765858229848068
보수적 (Pessimistic),sigma_year,0.22660630360672568
보수적 (Pessimistic),sigma_year,0.2589139055887144
보수적 (Pessimistic),sigma_year,0.16036893843791608
보수적 (Pessimistic),sigma_year,0.1400216928100252
보수적 (Pessimistic),sigma_year,0.14177985345877697
보수적 (Pessimistic),sigma_year,0.185630381046555
보수적 (Pessimistic),sigma_year,0.22853334685073973
보수적 (Pessimistic),sigma_year,0.3173402801823797
보수적 (Pessimistic),sigma_year,0.24884450112256554
보수적 (Pessimistic),sigma_year,0.25425342705870896
보수적 (Pessimistic),sigma_year,0.2683836606858535
보수적 (Pessimistic),sigma_year,0.08547517513571555
보수적 (Pessimistic),sigma_year,0.28600977250471404
보수적 (Pessimistic),sigma_year,0.21456843746451318
보수적 (Pessimistic),sigma_year,0.15483027185581416
보수적 (Pessimistic),sigma_year,0.2482218400105414
보수적 (Pessimistic),sigma_year,0.15480613318527747
보수적 (Pessimistic),sigma_year,0.1863058765577626
보수적 (Pessimistic),sigma_year,0.1863420423402252
보수적 (Pessimistic),sigma_year,0.19222146273018414
보수적 (Pessimistic),sigma_year,0.24077610182361392
보수적 (Pessimistic),sigma_year,0.21005199597737692
보수적 (Pessimistic),sigma_year,0.18816854288910903
보수적 (Pessimistic),sigma_year,0.2518354810673747
보수적 (Pessimistic),sigma_year,0.20177636915862052
보수적 (Pessimistic),sigma_year,0.23247853102870591
보수적 (Pessimistic),sigma_year,0.1499353322996197
보수적 (Pessimistic),sigma_year,0.11112552187523399
보수적 (Pessimistic),sigma_year,0.11627693890552164
보수적 (Pessimistic),sigma_year,0.2418693873469802
보수적 (Pessimistic),sigma_year,0.2899137022970852
보수적 (Pessimistic),sigma_year,0.07114604055564962
보수적 (Pessimistic),sigma_year,0.07874729528501782
보수적 (Pessimistic),sigma_year,0.06883607695694911
보수적 (Pessimistic),sigma_year,0.07978357418004983
보수적 (Pessimistic),sigma_year,0.07005038563568942
보수적 (Pessimistic),sigma_year,0.07804572613288341
보수적 (Pessimistic),sigma_year,0.14883038925962078
보수적 (Pessimistic),sigma_year,0.1162891929608801
보수적 (Pessimistic),sigma_year,0.15843494979657474
보수적 (Pessimistic),sigma_year,0.11696080030330534
보수적 (Pessimistic),sigma_year,0.1154993060799146
보수적 (Pessimistic),sigma_year,0.1431601927151325
보수적 (Pessimistic),sigma_year,0.288550942169494
보수적 (Pessimistic),sigma_year,0.18285649491905515
보수적 (Pessimistic),sigma_year,0.20436918019140324
보수적 (Pessimistic),sigma_year,0.2273705379956096
보수적 (Pessimistic),sigma_year,0.21519908030957885
보수적 (Pessimistic),sigma_year,0.18366708043287117
보수적 (Pessimistic),sigma_year,0.13941582099456556
보수적 (Pessimistic),sigma_year,0.13530055190711093
보수적 (Pessimistic),sigma_year,0.14581725487878303
보수적 (Pessimistic),sigma_year,0.05645373415649282
보수적 (Pessimistic),sigma_year,0.1524482966530986
보수적 (Pessimistic),sigma_year,0.12387370941264876
보수적 (Pessimistic),sigma_year,0.14133710934156987
보수적 (Pessimistic),sigma_year,0.12453026778889316
보수적 (Pessimistic),sigma_year,0.05124131686486689
보수적 (Pessimistic),sigma_year,0.11770402109048851
보수적 (Pessimistic),sigma_year,0.19265348563909596
보수적 (Pessimistic),sigma_year,0.21496402888766536
보수적 (Pessimistic),sigma_year,0.2649428148410241
보수적 (Pessimistic),sigma_year,0.17676972840429983
보수적 (Pessimistic),sigma_year,0.27235467377263617
보수적 (Pessimistic),sigma_year,0.2629121648244289
보수적 (Pessimistic),sigma_year,0.3034008519429218
보수적 (Pessimistic),sigma_year,0.1976319702938082
보수적 (Pessimistic),sigma_year,0.49045171394121384
보수적 (Pessimistic),sigma_year,0.3372807798801113
보수적 (Pessimistic),sigma_year,0.21427388453706334
보수적 (Pessimistic),sigma_year,0.05019103675693738
보수적 (Pessimistic),sigma_year,0.08683008055702773
보수적 (Pessimistic),sigma_year,0.052686569415055486
보수적 (Pessimistic),sigma_year,0.11692684521348103
보수적 (Pessimistic),sigma_year,0.3316151790072389
보수적 (Pessimistic),sigma_year,0.1755435049128246
보수적 (Pessimistic),sigma_year,0.18958553746750142
보수적 (Pessimistic),sigma_year,0.21863413892516445
보수적 (Pessimistic),sigma_year,0.23525720296669608
보수적 (Pessimistic),sigma_year,0.1511453703233715
보수적 (Pessimistic),sigma_year,0.3402682560536086
보수적 (Pessimistic),sigma_year,0.23871224858693535
보수적 (Pessimistic),sigma_year,0.4117170846819739
보수적 (Pessimistic),sigma_year,0.14328493666765402
보수적 (Pessimistic),sigma_year,0.1517860976400067
보수적 (Pessimistic),sigma_year,0.24867738962906472
보수적 (Pessimistic),sigma_year,0.21529830819224552
보수적 (Pessimistic),sigma_year,0.21175640304238727
보수적 (Pessimistic),sigma_year,0.13986488840007502
보수적 (Pessimistic),sigma_year,0.24125892268608487
보수적 (Pessimistic),sigma_year,0.23184937490054316
보수적 (Pessimistic),sigma_year,0.2237250111327904
보수적 (Pessimistic),sigma_year,0.23821503898890123
보수적 (Pessimistic),sigma_year,0.32217360187404503
보수적 (Pessimistic),sigma_year,0.1323432615329586
보수적 (Pessimistic),sigma_year,0.36092601405596847
보수적 (Pessimistic),sigma_year,0.38738817261587727
보수적 (Pessimistic),sigma_year,0.31565187270155604
보수적 (Pessimistic),sigma_year,0.13891418831970775
보수적 (Pessimistic),sigma_year,0.14747440840921777
보수적 (Pessimistic),sigma_year,0.20072233419242122
보수적 (Pessimistic),sigma_year,0.11667031263546576
보수적 (Pessimistic),sigma_year,0.3179618177294663
보수적 (Pessimistic),sigma_year,0.24140293776860067
보수적 (Pessimistic),sigma_year,0.1736996737031361
보수적 (Pessimistic),sigma_year,0.1919068860366196
보수적 (Pessimistic),sigma_year,0.19592035737825522
보수적 (Pessimistic),sigma_year,0.11968067579278499
보수적 (Pessimistic),sigma_year,0.1186755952095224
보수적 (Pessimistic),sigma_year,0.07780292829007024
보수적 (Pessimistic),sigma_year,0.11360247166722814
보수적 (Pessimistic),sigma_year,0.11566315631406944
보수적 (Pessimistic),sigma_year,0.1333052434810596
보수적 (Pessimistic),sigma_year,0.18414435853619768
보수적 (Pessimistic),sigma_year,0.27011477566678377
보수적 (Pessimistic),sigma_year,0.2360567658249592
보수적 (Pessimistic),sigma_year,0.17721459308994247
보수적 (Pessimistic),sigma_year,0.3038798728187069
보수적 (Pessimistic),sigma_year,0.25886541108818006
보수적 (Pessimistic),sigma_year,0.14807528232512535
보수적 (Pessimistic),sigma_year,0.08037647112430922
보수적 (Pessimistic),sigma_year,0.09827227138706734
보수적 (Pessimistic),sigma_year,0.10751306346327826
보수적 (Pessimistic),sigma_year,0.06903321935389037
보수적 (Pessimistic),sigma_year,0.09864574722251118
보수적 (Pessimistic),sigma_year,0.06410876296078341
보수적 (Pessimistic),sigma_year,0.08289050881662408
보수적 (Pessimistic),sigma_year,0.08834097707512324
보수적 (Pessimistic),sigma_year,0.16795992467405899
보수적 (Pessimistic),sigma_year,0.16103209932567003
보수적 (Pessimistic),sigma_year,0.0929769680415779
보수적 (Pessimistic),sigma_year,0.1014200225098512
보수적 (Pessimistic),sigma_year,0.1882908268251915
보수적 (Pessimistic),sigma_year,0.07475950136100946
보수적 (Pessimistic),sigma_year,0.15405904409054627
보수적 (Pessimistic),sigma_year,0.30760603929078406
보수적 (Pessimistic),sigma_year,0.08279653889305938
보수적 (Pessimistic),sigma_year,0.08248525540608863
보수적 (Pessimistic),sigma_year,0.07115797549810556
보수적 (Pessimistic),sigma_year,0.09277141565369562
보수적 (Pessimistic),sigma_year,0.07303660231375453
보수적 (Pessimistic),sigma_year,0.06147815714828488
보수적 (Pessimistic),sigma_year,0.06699073869500312
보수적 (Pessimistic),sigma_year,0.09061400070232871
보수적 (Pessimistic),sigma_year,0.13453523218618893
보수적 (Pessimistic),sigma_year,0.1864297803664485
보수적 (Pessimistic),sigma_year,0.10507851313631124
보수적 (Pessimistic),sigma_year,0.1140947590998065
보수적 (Pessimistic),sigma_year,0.15547575121639456
보수적 (Pessimistic),sigma_year,0.14819895726949633
보수적 (Pessimistic),sigma_year,0.10314599246863276
보수적 (Pessimistic),sigma_year,0.2536545278192198
보수적 (Pessimistic),sigma_year,0.17174111088491886
보수적 (Pessimistic),sigma_year,0.20511537734812005
보수적 (Pessimistic),sigma_year,0.23062657615726823
보수적 (Pessimistic),sigma_year,0.1899155732723694
보수적 (Pessimistic),sigma_year,0.13903325811450903
보수적 (Pessimistic),sigma_year,0.18478779567151826
보수적 (Pessimistic),sigma_year,0.10627396814883704
보수적 (Pessimistic),sigma_year,0.09014718461933553
보수적 (Pessimistic),sigma_year,0.10418600706426079
보수적 (Pessimistic),sigma_year,0.10216772738885066
보수적 (Pessimistic),sigma_year,0.23022651899404323
보수적 (Pessimistic),sigma_year,0.05553213362827808
보수적 (Pessimistic),sigma_year,0.156409553453337
보수적 (Pessimistic),sigma_year,0.13511495829964754
보수적 (Pessimistic),sigma_year,0.06977204179744523
보수적 (Pessimistic),sigma_year,0.08899611760072178
보수적 (Pessimistic),sigma_year,0.2954548430277595
보수적 (Pessimistic),sigma_year,0.17441005950464641
보수적 (Pessimistic),sigma_year,0.1330812831903642
보수적 (Pessimistic),sigma_year,0.4034551035379433
보수적 (Pessimistic),sigma_year,0.27043720114342235
보수적 (Pessimistic),sigma_year,0.259725529824803
보수적 (Pessimistic),sigma_year,0.28879948223220075
보수적 (Pessimistic),sigma_year,0.4115102248598266
보수적 (Pessimistic),sigma_year,0.16332167390174995
보수적 (Pessimistic),sigma_year,0.16206182246961748
보수적 (Pessimistic),sigma_year,0.12462758923517782
보수적 (Pessimistic),sigma_year,0.08825241427143493
보수적 (Pessimistic),sigma_year,0.25400500903359813
보수적 (Pessimistic),sigma_year,0.16761405616792602
보수적 (Pessimistic),sigma_year,0.2944290300192077
보수적 (Pessimistic),sigma_year,0.2808617114232004
보수적 (Pessimistic),sigma_year,0.36975359896931437
보수적 (Pessimistic),sigma_year,0.3851237075555246
보수적 (Pessimistic),sigma_year,0.3689698058074535
보수적 (Pessimistic),sigma_year,0.3312165183638796
보수적 (Pessimistic),sigma_year,0.26682667619599065
보수적 (Pessimistic),sigma_year,0.4035613779363178
보수적 (Pessimistic),sigma_year,0.19593243199085839
보수적 (Pessimistic),sigma_year,0.22634935455298297
보수적 (Pessimistic),sigma_year,0.21760411083208295
보수적 (Pessimistic),sigma_year,0.11895141142522984
보수적 (Pessimistic),sigma_year,0.3395474080717698
보수적 (Pessimistic),sigma_year,0.522959784391856
보수적 (Pessimistic),sigma_year,0.27435797006081275
보수적 (Pessimistic),sigma_year,0.34882540535250556
보수적 (Pessimistic),sigma_year,0.25589732525587844
보수적 (Pessimistic),sigma_year,0.2221235474446004
보수적 (Pessimistic),sigma_year,0.13591806343123122
보수적 (Pessimistic),sigma_year,0.13933658623722528
보수적 (Pessimistic),sigma_year,0.12350093886785252
보수적 (Pessimistic),sigma_year,0.294001334019625
보수적 (Pessimistic),sigma_year,0.5506757409672894
보수적 (Pessimistic),sigma_year,0.3706340754687766
보수적 (Pessimistic),sigma_year,0.14883559769541202
보수적 (Pessimistic),sigma_year,0.2621700366145894
보수적 (Pessimistic),sigma_year,0.13584504236581973
보수적 (Pessimistic),sigma_year,0.3871779061362766
보수적 (Pessimistic),sigma_year,0.6649574563719892
보수적 (Pessimistic),sigma_year,0.08341287811176776
보수적 (Pessimistic),sigma_year,0.18640664317825448
보수적 (Pessimistic),sigma_year,0.3076736614212842
보수적 (Pessimistic),sigma_year,0.19687282864178646
보수적 (Pessimistic),sigma_year,0.17024150276757286
보수적 (Pessimistic),sigma_year,0.17469021974691976
보수적 (Pessimistic),sigma_year,0.15320458067077247
보수적 (Pessimistic),sigma_year,0.22099980081679813
보수적 (Pessimistic),sigma_year,0.225037258009505
보수적 (Pessimistic),sigma_year,0.3407205761967632
보수적 (Pessimistic),sigma_year,0.15329330904639552
보수적 (Pessimistic),sigma_year,0.14397039951913188
보수적 (Pessimistic),sigma_year,0.09652882588823393
보수적 (Pessimistic),sigma_year,0.12966935850019742
보수적 (Pessimistic),sigma_year,0.12161920613559836
보수적 (Pessimistic),sigma_year,0.0797214956250408
보수적 (Pessimistic),sigma_year,0.06854635735413342
보수적 (Pessimistic),sigma_year,0.15607459732052925
보수적 (Pessimistic),sigma_year,0.044810863553399034
보수적 (Pessimistic),sigma_year,0.06674849571362183
보수적 (Pessimistic),sigma_year,0.04100746080961671
보수적 (Pessimistic),sigma_year,0.07469817299804374
보수적 (Pessimistic),sigma_year,0.07637212663846614
보수적 (Pessimistic),sigma_year,0.05710062718390208
보수적 (Pessimistic),sigma_year,0.12042652763442777
보수적 (Pessimistic),sigma_year,0.08040138830524766
보수적 (Pessimistic),sigma_year,0.2693584541086841
보수적 (Pessimistic),sigma_year,0.15991844817481787
보수적 (Pessimistic),sigma_year,0.23355391118592517
보수적 (Pessimistic),sigma_year,0.2644823486869323
보수적 (Pessimistic),sigma_year,0.3709615073872941
보수적 (Pessimistic),sigma_year,0.11838130244686085
보수적 (Pessimistic),sigma_year,0.26506066595799693
보수적 (Pessimistic),sigma_year,0.10269449415628186
보수적 (Pessimistic),sigma_year,0.32641244284016885
보수적 (Pessimistic),sigma_year,0.11248266864537829
보수적 (Pessimistic),sigma_year,0.1170042385247612
보수적 (Pessimistic),sigma_year,0.09823147704758695
보수적 (Pessimistic),sigma_year,0.11518924010925273
보수적 (Pessimistic),sigma_year,0.06119500562840334
보수적 (Pessimistic),sigma_year,0.11644414843328808
보수적 (Pessimistic),sigma_year,0.07137292061247698
보수적 (Pessimistic),sigma_year,0.08885504404029007
보수적 (Pessimistic),sigma_year,0.09094057371487968
보수적 (Pessimistic),sigma_year,0.18109107308639316
보수적 (Pessimistic),sigma_year,0.09202753718290396
보수적 (Pessimistic),sigma_year,0.09604271467515035
보수적 (Pessimistic),sigma_year,0.08590238585055594
보수적 (Pessimistic),sigma_year,0.0924510413162192
보수적 (Pessimistic),sigma_year,0.0667058082452772
보수적 (Pessimistic),sigma_year,0.028717149407856593
보수적 (Pessimistic),sigma_year,0.028717149407856593
보수적 (Pessimistic),sigma_year,0.028717149407856593
보수적 (Pessimistic),sigma_year,0.028717149407856593
보수적 (Pessimistic),sigma_year,0.027632135438295034
보수적 (Pessimistic),sigma_year,0.027632135438295034
보수적 (Pessimistic),sigma_year,0.027632135438295034
보수적 (Pessimistic),sigma_year,0.03007148030365047
보수적 (Pessimistic),sigma_year,0.03007148030365047
보수적 (Pessimistic),sigma_year,0.027836046451656816
보수적 (Pessimistic),sigma_year,0.027836046451656816
보수적 (Pessimistic),sigma_year,0.028447945167253838
보수적 (Pessimistic),sigma_year,0.029427085724309018
보수적 (Pessimistic),sigma_year,0.029427085724309018
보수적 (Pessimistic),sigma_year,0.029427085724309018
보수적 (Pessimistic),sigma_year,0.03439097549902603
보수적 (Pessimistic),sigma_year,0.03439097549902603
보수적 (Pessimistic),sigma_year,0.03439097549902603
보수적 (Pessimistic),sigma_year,0.03439097549902603
보수적 (Pessimistic),sigma_year,0.1380185716558119
보수적 (Pessimistic),sigma_year,0.12380465718525235
보수적 (Pessimistic),sigma_year,0.044191680423905755
보수적 (Pessimistic),sigma_year,0.044191680423905755
보수적 (Pessimistic),sigma_year,0.05403495957485371
보수적 (Pessimistic),sigma_year,0.03566618357799808
보수적 (Pessimistic),sigma_year,0.03431183840596773
보수적 (Pessimistic),sigma_year,0.03431183840596773
보수적 (Pessimistic),sigma_year,0.03431183840596773
보수적 (Pessimistic),sigma_year,0.03431183840596773
보수적 (Pessimistic),sigma_year,0.03431183840596773
보수적 (Pessimistic),sigma_year,0.03431183840596773
보수적 (Pessimistic),sigma_year,0.03427974025468009
보수적 (Pessimistic),sigma_year,0.03427974025468009
보수적 (Pessimistic),sigma_year,0.03427974025468009
보수적 (Pessimistic),sigma_year,0.03427974025468009
보수적 (Pessimistic),sigma_year,0.03401764961793845
보수적 (Pessimistic),sigma_year,0.03401764961793845
보수적 (Pessimistic),sigma_year,0.03401764961793845
보수적 (Pessimistic),sigma_year,0.029487193758523638
보수적 (Pessimistic),sigma_year,0.029487193758523638
보수적 (Pessimistic),sigma_year,0.029487193758523638
보수적 (Pessimistic),sigma_year,0.02538511382250881
보수적 (Pessimistic),sigma_year,0.02538511382250881
보수적 (Pessimistic),sigma_year,0.02538511382250881
보수적 (Pessimistic),sigma_year,0.02384334313709485
보수적 (Pessimistic),sigma_year,0.025395229675406493
보수적 (Pessimistic),sigma_year,0.025395229675406493
보수적 (Pessimistic),sigma_year,0.025395229675406493
보수적 (Pessimistic),sigma_year,0.025395229675406493
보수적 (Pessimistic),sigma_year,0.025395229675406493
보수적 (Pessimistic),sigma_year,0.02501813826666994
보수적 (Pessimistic),sigma_year,0.02501813826666994
보수적 (Pessimistic),sigma_year,0.02501813826666994
보수적 (Pessimistic),sigma_year,0.02501813826666994
보수적 (Pessimistic),sigma_year,0.02425379310657614
보수적 (Pessimistic),sigma_year,0.02425379310657614
보수적 (Pessimistic),sigma_year,0.02425379310657614
보수적 (Pessimistic),sigma_year,0.02497121401242682
보수적 (Pessimistic),sigma_year,0.02497121401242682
보수적 (Pessimistic),sigma_year,0.03182202315966833
보수적 (Pessimistic),sigma_year,0.027786936199575847
보수적 (Pessimistic),sigma_year,0.027786936199575847
보수적 (Pessimistic),sigma_year,0.027786936199575847
보수적 (Pessimistic),sigma_year,0.027786936199575847
보수적 (Pessimistic),sigma_year,0.027786936199575847
보수적 (Pessimistic),sigma_year,0.027786936199575847
보수적 (Pessimistic),sigma_year,0.027786936199575847
보수적 (Pessimistic),sigma_year,0.027786936199575847
보수적 (Pessimistic),sigma_year,0.02887000844678473
보수적 (Pessimistic),sigma_year,0.02887000844678473
보수적 (Pessimistic),sigma_year,0.02702953197882085
보수적 (Pessimistic),sigma_year,0.02702953197882085
보수적 (Pessimistic),sigma_year,0.02923817565743951
보수적 (Pessimistic),sigma_year,0.036142302906266625
보수적 (Pessimistic),sigma_year,0.036142302906266625
보수적 (Pessimistic),sigma_year,0.03526607613763762
보수적 (Pessimistic),sigma_year,0.03526607613763762
보수적 (Pessimistic),sigma_year,0.03526607613763762
보수적 (Pessimistic),sigma_year,0.03526607613763762
보수적 (Pessimistic),sigma_year,0.0299697301730533
보수적 (Pessimistic),sigma_year,0.03072727588784397
보수적 (Pessimistic),sigma_year,0.03072727588784397
보수적 (Pessimistic),sigma_year,0.029062378153978007
보수적 (Pessimistic),sigma_year,0.03274079444442248
보수적 (Pessimistic),sigma_year,0.03274079444442248
보수적 (Pessimistic),sigma_year,0.03219601079101434
보수적 (Pessimistic),sigma_year,0.03219601079101434
보수적 (Pessimistic),sigma_year,0.0360960377891721
보수적 (Pessimistic),sigma_year,0.0360960377891721
보수적 (Pessimistic),sigma_year,0.03488710722998054
보수적 (Pessimistic),sigma_year,0.038038637822663375
보수적 (Pessimistic),sigma_year,0.036722897521125196
보수적 (Pessimistic),sigma_year,0.03559039681818292
보수적 (Pessimistic),sigma_year,0.04124380045318826
보수적 (Pessimistic),sigma_year,0.04124380045318826
보수적 (Pessimistic),sigma_year,0.0983953222831109
보수적 (Pessimistic),sigma_year,0.12961445591574855
보수적 (Pessimistic),sigma_year,0.10364174434990828
보수적 (Pessimistic),sigma_year,0.19011272402329005
보수적 (Pessimistic),sigma_year,0.1466098207820896
보수적 (Pessimistic),sigma_year,0.0998508517634796
보수적 (Pessimistic),sigma_year,0.11703472192203418
보수적 (Pessimistic),sigma_year,0.08691438491868812
보수적 (Pessimistic),sigma_year,0.07501701298419271
보수적 (Pessimistic),sigma_year,0.08461634702470901
보수적 (Pessimistic),sigma_year,0.0860093588173601
보수적 (Pessimistic),sigma_year,0.08195525054171582
보수적 (Pessimistic),sigma_year,0.04735500081014665
보수적 (Pessimistic),sigma_year,0.10654128442124627
보수적 (Pessimistic),sigma_year,0.09429932476897007
보수적 (Pessimistic),sigma_year,0.07763820160624019
보수적 (Pessimistic),sigma_year,0.04841763990405837
보수적 (Pessimistic),sigma_year,0.056628355091630486
보수적 (Pessimistic),sigma_year,0.03709079004458163
보수적 (Pessimistic),sigma_year,0.03709079004458163
보수적 (Pessimistic),sigma_year,0.04378452221503848
보수적 (Pessimistic),sigma_year,0.05997770428607129
보수적 (Pessimistic),sigma_year,0.04185948410594612
보수적 (Pessimistic),sigma_year,0.033735284754042076
보수적 (Pessimistic),sigma_year,0.033735284754042076
보수적 (Pessimistic),sigma_year,0.033735284754042076
보수적 (Pessimistic),sigma_year,0.03349753638974167
보수적 (Pessimistic),sigma_year,0.031798229731636464
보수적 (Pessimistic),sigma_year,0.031798229731636464
보수적 (Pessimistic),sigma_year,0.031798229731636464
보수적 (Pessimistic),sigma_year,0.03828732965466589
보수적 (Pessimistic),sigma_year,0.23800228253633826
보수적 (Pessimistic),sigma_year,0.11540997038524557
보수적 (Pessimistic),sigma_year,0.14878306647540954
보수적 (Pessimistic),sigma_year,0.19214432603902368
보수적 (Pessimistic),sigma_year,0.3367312320937287
보수적 (Pessimistic),sigma_year,0.3032698937506356
보수적 (Pessimistic),sigma_year,0.1711981940570142
보수적 (Pessimistic),sigma_year,0.09306276183839272
보수적 (Pessimistic),sigma_year,0.08665808626837962
보수적 (Pessimistic),sigma_year,0.23329702776263053
보수적 (Pessimistic),sigma_year,0.20736678246395576
보수적 (Pessimistic),sigma_year,0.1882191141249957
보수적 (Pessimistic),sigma_year,0.18133029702118875
보수적 (Pessimistic),sigma_year,0.2903918731963122
보수적 (Pessimistic),sigma_year,0.23467865509346722
보수적 (Pessimistic),sigma_year,0.19994458085883754
보수적 (Pessimistic),sigma_year,0.07919966206866914
보수적 (Pessimistic),sigma_year,0.17045840800667592
보수적 (Pessimistic),sigma_year,0.12089083129010046
보수적 (Pessimistic),sigma_year,0.0968063248663741
보수적 (Pessimistic),sigma_year,0.17444622415495548
보수적 (Pessimistic),sigma_year,0.23322203538135436
보수적 (Pessimistic),sigma_year,0.21487316823957597
보수적 (Pessimistic),sigma_year,0.22707786347106423
보수적 (Pessimistic),sigma_year,0.22874630306793567
보수적 (Pessimistic),sigma_year,0.2940903167897744
보수적 (Pessimistic),sigma_year,0.30420540751425146
보수적 (Pessimistic),sigma_year,0.13780098984321723
보수적 (Pessimistic),sigma_year,0.1935575906285337
보수적 (Pessimistic),sigma_year,0.1603679498373736
보수적 (Pessimistic),sigma_year,0.36683574648216605
보수적 (Pessimistic),sigma_year,0.23787284102700412
보수적 (Pessimistic),sigma_year,0.24519654188669582
보수적 (Pessimistic),sigma_year,0.27771006759077915
보수적 (Pessimistic),sigma_year,0.13170561119210705
보수적 (Pessimistic),sigma_year,0.11965910147424103
보수적 (Pessimistic),sigma_year,0.09526702346578132
보수적 (Pessimistic),sigma_year,0.15406083792576833
보수적 (Pessimistic),sigma_year,0.25561616017815236
보수적 (Pessimistic),sigma_year,0.16972419237527525
보수적 (Pessimistic),sigma_year,0.14363343184840854
보수적 (Pessimistic),sigma_year,0.1109275546168264
보수적 (Pessimistic),sigma_year,0.12331005937074795
보수적 (Pessimistic),sigma_year,0.11809431318986076
보수적 (Pessimistic),sigma_year,0.24711195671934647
보수적 (Pessimistic),sigma_year,0.10727173659813694
보수적 (Pessimistic),sigma_year,0.12607259589596087
보수적 (Pessimistic),sigma_year,0.1442653021592975
보수적 (Pessimistic),sigma_year,0.18232131762290177
보수적 (Pessimistic),sigma_year,0.15851119537179403
보수적 (Pessimistic),sigma_year,0.2142462627030457
보수적 (Pessimistic),sigma_year,0.273000411752092
보수적 (Pessimistic),sigma_year,0.1990261755034126
보수적 (Pessimistic),sigma_year,0.1720894639492716
보수적 (Pessimistic),sigma_year,0.1869091264295596
보수적 (Pessimistic),sigma_year,0.14598625791985795
보수적 (Pessimistic),sigma_year,0.21080343527582693
보수적 (Pessimistic),sigma_year,0.24076546157556122
보수적 (Pessimistic),sigma_year,0.11576101229261021
보수적 (Pessimistic),sigma_year,0.15926827934700308
보수적 (Pessimistic),sigma_year,0.06780298874137554
보수적 (Pessimistic),sigma_year,0.08827112848709483
보수적 (Pessimistic),sigma_year,0.05997508743468791
보수적 (Pessimistic),sigma_year,0.07090096286469671
보수적 (Pessimistic),sigma_year,0.07005021426441703
보수적 (Pessimistic),sigma_year,0.050821224726602665
보수적 (Pessimistic),sigma_year,0.11841811345015119
보수적 (Pessimistic),sigma_year,0.08672201772367205
보수적 (Pessimistic),sigma_year,0.09430926093059819
보수적 (Pessimistic),sigma_year,0.0985173174537872
보수적 (Pessimistic),sigma_year,0.0922184127959142
보수적 (Pessimistic),sigma_year,0.09404296830856834
보수적 (Pessimistic),sigma_year,0.066545677474068
보수적 (Pessimistic),sigma_year,0.1104807869257689
보수적 (Pessimistic),sigma_year,0.1908790694106136
보수적 (Pessimistic),sigma_year,0.0729486841714598
보수적 (Pessimistic),sigma_year,0.13654819419354333
보수적 (Pessimistic),sigma_year,0.10802382816203702
보수적 (Pessimistic),sigma_year,0.07209037302125935
보수적 (Pessimistic),sigma_year,0.07111550633643617
보수적 (Pessimistic),sigma_year,0.11085528620526966
보수적 (Pessimistic),sigma_year,0.04366316096407946
보수적 (Pessimistic),sigma_year,0.06781823125856153
보수적 (Pessimistic),sigma_year,0.0603381740785501
보수적 (Pessimistic),sigma_year,0.05533325113929802
보수적 (Pessimistic),sigma_year,0.06549386481227888
보수적 (Pessimistic),sigma_year,0.14607531457797504
보수적 (Pessimistic),sigma_year,0.1722361480387418
보수적 (Pessimistic),sigma_year,0.08204932637108406
보수적 (Pessimistic),sigma_year,0.13697832566209744
보수적 (Pessimistic),sigma_year,0.13518297522180656
보수적 (Pessimistic),sigma_year,0.14782760423825267
보수적 (Pessimistic),sigma_year,0.05843185090736527
보수적 (Pessimistic),sigma_year,0.10278437424585916
보수적 (Pessimistic),sigma_year,0.06017516939214316
보수적 (Pessimistic),sigma_year,0.05888404258445526
보수적 (Pessimistic),sigma_year,0.04448093078644461
보수적 (Pessimistic),sigma_year,0.07739317508055164
보수적 (Pessimistic),sigma_year,0.22419124307671207
보수적 (Pessimistic),sigma_year,0.17670164865053592
보수적 (Pessimistic),sigma_year,0.11485444862073842
보수적 (Pessimistic),sigma_year,0.12569762705662663
보수적 (Pessimistic),sigma_year,0.06476289872577472
보수적 (Pessimistic),sigma_year,0.08867541993463816
보수적 (Pessimistic),sigma_year,0.0465409398548168
보수적 (Pessimistic),sigma_year,0.04381452092701661
보수적 (Pessimistic),sigma_year,0.04027140202821186
보수적 (Pessimistic),sigma_year,0.0446385461665851
보수적 (Pessimistic),sigma_year,0.05730023557091774
보수적 (Pessimistic),sigma_year,0.06603851452043803
보수적 (Pessimistic),sigma_year,0.06988591500449805
보수적 (Pessimistic),sigma_year,0.11905048735336193
보수적 (Pessimistic),sigma_year,0.10663387642343511
보수적 (Pessimistic),sigma_year,0.10373657144369004
보수적 (Pessimistic),sigma_year,0.13812819199646093
보수적 (Pessimistic),sigma_year,0.18094964089158766
보수적 (Pessimistic),sigma_year,0.1938396295551221
보수적 (Pessimistic),sigma_year,0.08338244099429588
보수적 (Pessimistic),sigma_year,0.04674977608156162
보수적 (Pessimistic),sigma_year,0.1027600197803549
보수적 (Pessimistic),sigma_year,0.10003283770772602
보수적 (Pessimistic),sigma_year,0.09404412021349418
보수적 (Pessimistic),sigma_year,0.0630888467173658
보수적 (Pessimistic),sigma_year,0.06820041048455766
보수적 (Pessimistic),sigma_year,0.23938631982229075
보수적 (Pessimistic),sigma_year,0.2534129718056225
보수적 (Pessimistic),sigma_year,0.16005707218630572
보수적 (Pessimistic),sigma_year,0.16565404117933072
보수적 (Pessimistic),sigma_year,0.12012393606531631
보수적 (Pessimistic),sigma_year,0.17999410203764146
보수적 (Pessimistic),sigma_year,0.14723086167465774
보수적 (Pessimistic),sigma_year,0.1031769057983096
보수적 (Pessimistic),sigma_year,0.1291677807019263
보수적 (Pessimistic),sigma_year,0.16950866804276415
보수적 (Pessimistic),sigma_year,0.09305162745546092
보수적 (Pessimistic),sigma_year,0.09185963387444412
보수적 (Pessimistic),sigma_year,0.13167421898217238
보수적 (Pessimistic),sigma_year,0.25741524970079377
보수적 (Pessimistic),sigma_year,0.21894013526281061
보수적 (Pessimistic),sigma_year,0.267518220724935
보수적 (Pessimistic),sigma_year,0.1911328829135397
보수적 (Pessimistic),sigma_year,0.10906226856347752
보수적 (Pessimistic),sigma_year,0.32662903131762194
보수적 (Pessimistic),sigma_year,0.3546581722554726
보수적 (Pessimistic),sigma_year,0.3260577208759608
보수적 (Pessimistic),sigma_year,0.38919120176835004
보수적 (Pessimistic),sigma_year,0.3393025822254761
보수적 (Pessimistic),sigma_year,0.30890407642105044
보수적 (Pessimistic),sigma_year,0.33117257505806297
보수적 (Pessimistic),sigma_year,0.38382469564132377
보수적 (Pessimistic),sigma_year,0.21248595137273574
보수적 (Pessimistic),sigma_year,0.2955043322232739
보수적 (Pessimistic),sigma_year,0.24345743259752908
보수적 (Pessimistic),sigma_year,0.2985984405910161
보수적 (Pessimistic),sigma_year,0.30032023138182257
보수적 (Pessimistic),sigma_year,0.27548727822200747
보수적 (Pessimistic),sigma_year,0.17159310404313793
보수적 (Pessimistic),sigma_year,0.2619116260596091
보수적 (Pessimistic),sigma_year,0.4543320018392471
보수적 (Pessimistic),sigma_year,0.448733884436142
보수적 (Pessimistic),sigma_year,0.2118952931380903
보수적 (Pessimistic),sigma_year,0.4043649667933962
보수적 (Pessimistic),sigma_year,0.48703723173277536
보수적 (Pessimistic),sigma_year,0.3525893064663273
보수적 (Pessimistic),sigma_year,0.2488331453462799
보수적 (Pessimistic),sigma_year,0.30401667304284213
보수적 (Pessimistic),sigma_year,0.25161781564220703
보수적 (Pessimistic),sigma_year,0.32186759257128694
보수적 (Pessimistic),sigma_year,0.25636476694085275
보수적 (Pessimistic),sigma_year,0.34124903361655134
보수적 (Pessimistic),sigma_year,0.18601840916054713
보수적 (Pessimistic),sigma_year,0.41666448050135396
보수적 (Pessimistic),sigma_year,0.1873958142245236
보수적 (Pessimistic),sigma_year,0.13934895202706582
보수적 (Pessimistic),sigma_year,0.12064577892494982
보수적 (Pessimistic),sigma_year,0.15187735921276568
보수적 (Pessimistic),sigma_year,0.1997168264673257
보수적 (Pessimistic),sigma_year,0.291579584760289
보수적 (Pessimistic),sigma_year,0.07264606967733465
보수적 (Pessimistic),sigma_year,0.11655414900080095
보수적 (Pessimistic),sigma_year,0.11893436863868469
보수적 (Pessimistic),sigma_year,0.22171414393720212
보수적 (Pessimistic),sigma_year,0.09535019545120427
보수적 (Pessimistic),sigma_year,0.10006109085809572
보수적 (Pessimistic),sigma_year,0.08371958092105898
보수적 (Pessimistic),sigma_year,0.0969127883087278
보수적 (Pessimistic),sigma_year,0.09797347058732271
보수적 (Pessimistic),sigma_year,0.06409179869204039
보수적 (Pessimistic),sigma_year,0.06409179869204039
보수적 (Pessimistic),sigma_year,0.05448397267938613
보수적 (Pessimistic),sigma_year,0.0675226570123981
보수적 (Pessimistic),sigma_year,0.2434316944082303
보수적 (Pessimistic),sigma_year,0.21771491911088897
보수적 (Pessimistic),sigma_year,0.14838275328854514
보수적 (Pessimistic),sigma_year,0.1306853007411651
보수적 (Pessimistic),sigma_year,0.23310029754786496
보수적 (Pessimistic),sigma_year,0.2317358733536832
보수적 (Pessimistic),sigma_year,0.10726558221056927
보수적 (Pessimistic),sigma_year,0.09980618145863772
보수적 (Pessimistic),sigma_year,0.13325571540253164
보수적 (Pessimistic),sigma_year,0.11621968410029372
보수적 (Pessimistic),sigma_year,0.3167526646513159
보수적 (Pessimistic),sigma_year,0.2747986660257803
보수적 (Pessimistic),sigma_year,0.14797654818926698
보수적 (Pessimistic),sigma_year,0.28771453536922603
보수적 (Pessimistic),sigma_year,0.21652376781087995
보수적 (Pessimistic),sigma_year,0.10944504645535494
보수적 (Pessimistic),sigma_year,0.09075025244470683
보수적 (Pessimistic),sigma_year,0.08558817326766661
보수적 (Pessimistic),sigma_year,0.1567392772319903
보수적 (Pessimistic),sigma_year,0.23061460509968776
보수적 (Pessimistic),sigma_year,0.0852699561271741
보수적 (Pessimistic),sigma_year,0.09221513123651526
보수적 (Pessimistic),sigma_year,0.12763777499148993
보수적 (Pessimistic),sigma_year,0.13486055607352335
보수적 (Pessimistic),sigma_year,0.08845199425454499
보수적 (Pessimistic),sigma_year,0.0910258294389976
보수적 (Pessimistic),sigma_year,0.18221385385385402
보수적 (Pessimistic),sigma_year,0.19249220592241048
보수적 (Pessimistic),sigma_year,0.15350190555419413
보수적 (Pessimistic),sigma_year,0.18784002718667986
보수적 (Pessimistic),sigma_year,0.18571861298293857
보수적 (Pessimistic),sigma_year,0.13494676766216052
보수적 (Pessimistic),sigma_year,0.23571181158677323
보수적 (Pessimistic),sigma_year,0.14164008644641146
보수적 (Pessimistic),sigma_year,0.08057131433535189
보수적 (Pessimistic),sigma_year,0.08393689477854557
보수적 (Pessimistic),sigma_year,0.14810759750274885
보수적 (Pessimistic),sigma_year,0.2827105053642397
보수적 (Pessimistic),sigma_year,0.2621963487083171
보수적 (Pessimistic),sigma_year,0.2609163797875666
보수적 (Pessimistic),sigma_year,0.19642296254989236
보수적 (Pessimistic),sigma_year,0.23460437463369194
보수적 (Pessimistic),sigma_year,0.28577803991715467
보수적 (Pessimistic),sigma_year,0.11660787651057704
보수적 (Pessimistic),sigma_year,0.16051017526935646
보수적 (Pessimistic),sigma_year,0.37768379081861997
보수적 (Pessimistic),sigma_year,0.29474351769929746
보수적 (Pessimistic),sigma_year,0.15415879346160244
보수적 (Pessimistic),sigma_year,0.17712562746860205
보수적 (Pessimistic),sigma_year,0.2662259741775654
보수적 (Pessimistic),sigma_year,0.21381381821095868
보수적 (Pessimistic),sigma_year,0.18863907027101207
보수적 (Pessimistic),sigma_year,0.17589162335592462
보수적 (Pessimistic),sigma_year,0.166919092521029
보수적 (Pessimistic),sigma_year,0.18226947782392297
보수적 (Pessimistic),sigma_year,0.17879122002385295
보수적 (Pessimistic),sigma_year,0.10920666160886608
보수적 (Pessimistic),sigma_year,0.4037944316041474
보수적 (Pessimistic),sigma_year,0.13433385400508008
보수적 (Pessimistic),sigma_year,0.12317919143903136
보수적 (Pessimistic),sigma_year,0.1132617984786454
보수적 (Pessimistic),sigma_year,0.2433623465748246
보수적 (Pessimistic),sigma_year,0.21201635597343838
보수적 (Pessimistic),sigma_year,0.3309975383946273
보수적 (Pessimistic),sigma_year,0.3764063522266124
보수적 (Pessimistic),sigma_year,0.26898306714518216
보수적 (Pessimistic),sigma_year,0.11847690893455348
보수적 (Pessimistic),sigma_year,0.3770632371506766
보수적 (Pessimistic),sigma_year,0.21039467455276703
보수적 (Pessimistic),sigma_year,0.2629775264789285
보수적 (Pessimistic),sigma_year,0.27764095581086057
보수적 (Pessimistic),sigma_year,0.17393023677820194
보수적 (Pessimistic),sigma_year,0.2277716693232923
보수적 (Pessimistic),sigma_year,0.39382401015824914
보수적 (Pessimistic),sigma_year,0.21601503380695258
보수적 (Pessimistic),sigma_year,0.18665313856943552
보수적 (Pessimistic),sigma_year,0.1934928094316003
보수적 (Pessimistic),sigma_year,0.21326073551747718
보수적 (Pessimistic),sigma_year,0.20835282836947322
보수적 (Pessimistic),sigma_year,0.22256966460988475
보수적 (Pessimistic),sigma_year,0.33742819223657633
보수적 (Pessimistic),sigma_year,0.3090790408761215
보수적 (Pessimistic),sigma_year,0.2621989304329795
보수적 (Pessimistic),sigma_year,0.1395598011938503
보수적 (Pessimistic),sigma_year,0.27045509696540954
보수적 (Pessimistic),sigma_year,0.2263864369994666
보수적 (Pessimistic),sigma_year,0.2575430374785683
보수적 (Pessimistic),sigma_year,0.26072483189522216
보수적 (Pessimistic),sigma_year,0.1992475547753228
보수적 (Pessimistic),sigma_year,0.3138858101654616
보수적 (Pessimistic),sigma_year,0.13893093730624106
보수적 (Pessimistic),sigma_year,0.19174466709182642
보수적 (Pessimistic),sigma_year,0.17703264252765474
보수적 (Pessimistic),sigma_year,0.1967569443197577
보수적 (Pessimistic),sigma_year,0.2315850631818781
보수적 (Pessimistic),sigma_year,0.12930402273572578
보수적 (Pessimistic),sigma_year,0.15104580705078022
보수적 (Pessimistic),sigma_year,0.2689753693718046
보수적 (Pessimistic),sigma_year,0.09998615081951658
보수적 (Pessimistic),sigma_year,0.18200388700605355
보수적 (Pessimistic),sigma_year,0.07503645460369487
보수적 (Pessimistic),sigma_year,0.22796183741389797
보수적 (Pessimistic),sigma_year,0.18379088440249672
보수적 (Pessimistic),sigma_year,0.1875329555334378
보수적 (Pessimistic),sigma_year,0.23465508069593596
보수적 (Pessimistic),sigma_year,0.10834508966611774
보수적 (Pessimistic),sigma_year,0.10547378366299812
보수적 (Pessimistic),sigma_year,0.17651816649653274
보수적 (Pessimistic),sigma_year,0.14446039861424453
보수적 (Pessimistic),sigma_year,0.16481959140064853
보수적 (Pessimistic),sigma_year,0.11499166933665789
보수적 (Pessimistic),sigma_year,0.32077109828746436
보수적 (Pessimistic),sigma_year,0.21988546570419684
보수적 (Pessimistic),sigma_year,0.2242635261821379
보수적 (Pessimistic),sigma_year,0.3406175770006046
보수적 (Pessimistic),sigma_year,0.3777520252134553
보수적 (Pessimistic),sigma_year,0.24467810924001243
보수적 (Pessimistic),sigma_year,0.34685609512675925
보수적 (Pessimistic),sigma_year,0.24738733131579407
보수적 (Pessimistic),sigma_year,0.2166550466963093
보수적 (Pessimistic),sigma_year,0.1516763764928701
보수적 (Pessimistic),sigma_year,0.21685189203075306
보수적 (Pessimistic),sigma_year,0.19466596934503044
보수적 (Pessimistic),sigma_year,0.12487403002476842
보수적 (Pessimistic),sigma_year,0.1493429842046353
보수적 (Pessimistic),sigma_year,0.13847432988620106
보수적 (Pessimistic),sigma_year,0.11217068498300886
보수적 (Pessimistic),sigma_year,0.12246424559305698
보수적 (Pessimistic),sigma_year,0.3792799561111456
보수적 (Pessimistic),sigma_year,0.16321688012705332
보수적 (Pessimistic),sigma_year,0.3317276556258367
보수적 (Pessimistic),sigma_year,0.33171102686052995
보수적 (Pessimistic),sigma_year,0.27827444931962037
보수적 (Pessimistic),sigma_year,0.30187598811736105
보수적 (Pessimistic),sigma_year,0.27839404717035104
보수적 (Pessimistic),sigma_year,0.4517384161429334
보수적 (Pessimistic),sigma_year,0.4148715688137501
보수적 (Pessimistic),sigma_year,0.4018244800664931
보수적 (Pessimistic),sigma_year,0.2449200011113662
보수적 (Pessimistic),sigma_year,0.4314104800747709
보수적 (Pessimistic),sigma_year,0.36601995519244335
보수적 (Pessimistic),sigma_year,0.530545476776351
보수적 (Pessimistic),sigma_year,0.2865694516819147
보수적 (Pessimistic),sigma_year,0.3263636200815123
보수적 (Pessimistic),sigma_year,0.26659432096518304
보수적 (Pessimistic),sigma_year,0.35318160053438674
보수적 (Pessimistic),sigma_year,0.30603199460598846
보수적 (Pessimistic),sigma_year,0.34977152453673693
보수적 (Pessimistic),sigma_year,0.29696352593286834
보수적 (Pessimistic),sigma_year,0.4635672351753382
보수적 (Pessimistic),sigma_year,0.44292932912774396
보수적 (Pessimistic),sigma_year,0.5584716421854965
보수적 (Pessimistic),sigma_year,0.4733846847483067
보수적 (Pessimistic),sigma_year,0.729452543290846
보수적 (Pessimistic),sigma_year,0.5439669920793221
보수적 (Pessimistic),sigma_year,0.6970109830189906
보수적 (Pessimistic),sigma_year,0.5304805306433866
보수적 (Pessimistic),sigma_year,0.5780799787016927
보수적 (Pessimistic),sigma_year,0.4415876762983675
보수적 (Pessimistic),sigma_year,0.4855016583370511
보수적 (Pessimistic),sigma_year,0.228028986986513
보수적 (Pessimistic),sigma_year,0.3446783474522251
보수적 (Pessimistic),sigma_year,0.2620377765177954
보수적 (Pessimistic),sigma_year,0.3698350875169409
보수적 (Pessimistic),sigma_year,0.343631126894817
보수적 (Pessimistic),sigma_year,0.4212243063795347
보수적 (Pessimistic),sigma_year,0.4680610889828757
보수적 (Pessimistic),sigma_year,0.23123864492498436
보수적 (Pessimistic),sigma_year,0.36555182018913956
보수적 (Pessimistic),sigma_year,0.2638839465410427
보수적 (Pessimistic),sigma_year,0.2243278217546731
보수적 (Pessimistic),sigma_year,0.45200771085597097
보수적 (Pessimistic),sigma_year,0.1969006093395996
보수적 (Pessimistic),sigma_year,0.4263801358980133
보수적 (Pessimistic),sigma_year,0.3639312121358256
보수적 (Pessimistic),sigma_year,0.2988172213963359
보수적 (Pessimistic),sigma_year,0.3378625020622664
보수적 (Pessimistic),sigma_year,0.2314294808018866
보수적 (Pessimistic),sigma_year,0.3178454593151156
보수적 (Pessimistic),sigma_year,0.36137056983678806
보수적 (Pessimistic),sigma_year,0.32239102381140333
보수적 (Pessimistic),sigma_year,0.27960737061531826
보수적 (Pessimistic),sigma_year,0.3308652146563381
보수적 (Pessimistic),sigma_year,0.39593321457589886
보수적 (Pessimistic),sigma_year,0.3236810018103972
보수적 (Pessimistic),sigma_year,0.41977118553743037
보수적 (Pessimistic),sigma_year,0.2973905029816352
보수적 (Pessimistic),sigma_year,0.11325464122631182
보수적 (Pessimistic),sigma_year,0.1248559248262839
보수적 (Pessimistic),sigma_year,0.20606889970095177
보수적 (Pessimistic),sigma_year,0.3384898464205858
보수적 (Pessimistic),sigma_year,0.28995196105137344
보수적 (Pessimistic),sigma_year,0.13731724859496772
보수적 (Pessimistic),sigma_year,0.10077920477765305
보수적 (Pessimistic),sigma_year,0.3259139539936197
보수적 (Pessimistic),sigma_year,0.34055956566362455
보수적 (Pessimistic),sigma_year,0.3595184891303814
보수적 (Pessimistic),sigma_year,0.19971744259606128
보수적 (Pessimistic),sigma_year,0.1699056252489515
보수적 (Pessimistic),sigma_year,0.313885862993237
보수적 (Pessimistic),sigma_year,0.1416942249700973
보수적 (Pessimistic),sigma_year,0.1480719902092268
보수적 (Pessimistic),sigma_year,0.14951594797855325
보수적 (Pessimistic),sigma_year,0.1471118946467977
보수적 (Pessimistic),sigma_year,0.13691598279392325
보수적 (Pessimistic),sigma_year,0.17283915617517018
보수적 (Pessimistic),sigma_year,0.19967995411299622
보수적 (Pessimistic),sigma_year,0.3112114777694386
보수적 (Pessimistic),sigma_year,0.33866363455524323
보수적 (Pessimistic),sigma_year,0.15477523799869675
보수적 (Pessimistic),sigma_year,0.16597736572725655
보수적 (Pessimistic),sigma_year,0.1901535633587277
보수적 (Pessimistic),sigma_year,0.20394014560518553
보수적 (Pessimistic),sigma_year,0.3131872966565379
보수적 (Pessimistic),sigma_year,0.22732842177348092
보수적 (Pessimistic),sigma_year,0.25686546422407136
보수적 (Pessimistic),sigma_year,0.2882099464485406
보수적 (Pessimistic),sigma_year,0.3047401841805589
보수적 (Pessimistic),sigma_year,0.25202625725439665
보수적 (Pessimistic),sigma_year,0.26419747199082627
보수적 (Pessimistic),sigma_year,0.22001140238173297
보수적 (Pessimistic),sigma_year,0.14980724707900614
보수적 (Pessimistic),sigma_year,0.23488336366879586
보수적 (Pessimistic),sigma_year,0.1554819054474861
보수적 (Pessimistic),sigma_year,0.23688709874463926
보수적 (Pessimistic),sigma_year,0.23686443870624457
보수적 (Pessimistic),sigma_year,0.3226031587664674
보수적 (Pessimistic),sigma_year,0.10918366481583479
보수적 (Pessimistic),sigma_year,0.5906029927190923
보수적 (Pessimistic),sigma_year,0.18855554763379515
보수적 (Pessimistic),sigma_year,0.28214486544996775
보수적 (Pessimistic),sigma_year,0.16683230516857037
보수적 (Pessimistic),sigma_year,0.10456903263788399
보수적 (Pessimistic),sigma_year,0.24737761720888474
보수적 (Pessimistic),sigma_year,0.1636817682010022
보수적 (Pessimistic),sigma_year,0.401712748223615
보수적 (Pessimistic),sigma_year,0.42491148055380223
보수적 (Pessimistic),sigma_year,0.2317620053832503
보수적 (Pessimistic),sigma_year,0.21845227603930722
보수적 (Pessimistic),sigma_year,0.27336580315478903
보수적 (Pessimistic),sigma_year,0.14997155290369002
보수적 (Pessimistic),sigma_year,0.17855194821540238
보수적 (Pessimistic),sigma_year,0.20877011968915607
보수적 (Pessimistic),sigma_year,0.18282672279416837
보수적 (Pessimistic),sigma_year,0.24313842469899893
보수적 (Pessimistic),sigma_year,0.1612275718185742
보수적 (Pessimistic),sigma_year,0.1950429421638466
보수적 (Pessimistic),sigma_year,0.2822156523539646
보수적 (Pessimistic),sigma_year,0.20739460438322152
보수적 (Pessimistic),sigma_year,0.10810598056954737
보수적 (Pessimistic),sigma_year,0.5136157616759616
보수적 (Pessimistic),sigma_year,0.17254694466533582
보수적 (Pessimistic),sigma_year,0.2580320721792512
보수적 (Pessimistic),sigma_year,0.30413858688792655
보수적 (Pessimistic),sigma_year,0.2679750103178091
보수적 (Pessimistic),sigma_year,0.2514205702393312
보수적 (Pessimistic),sigma_year,0.19792970114760627
보수적 (Pessimistic),sigma_year,0.1956173428710762
보수적 (Pessimistic),sigma_year,0.25081224958192083
보수적 (Pessimistic),sigma_year,0.28071902440598795
보수적 (Pessimistic),sigma_year,0.2718238267077767
보수적 (Pessimistic),sigma_year,0.4896889210515023
보수적 (Pessimistic),sigma_year,0.42373608147515796
보수적 (Pessimistic),sigma_year,0.16977092560037899
보수적 (Pessimistic),sigma_year,0.19189886583086518
보수적 (Pessimistic),sigma_year,0.0968921415168462
보수적 (Pessimistic),sigma_year,0.12410012094953968
보수적 (Pessimistic),sigma_year,0.07291832861545967
보수적 (Pessimistic),sigma_year,0.2692286517105826
보수적 (Pessimistic),sigma_year,0.14004930349451009
보수적 (Pessimistic),sigma_year,0.10260704331754122
보수적 (Pessimistic),sigma_year,0.14180646862223506
보수적 (Pessimistic),sigma_year,0.11688958800577835
보수적 (Pessimistic),sigma_year,0.23386742332249597
보수적 (Pessimistic),sigma_year,0.2472455207516385
보수적 (Pessimistic),sigma_year,0.5899164802207404
보수적 (Pessimistic),sigma_year,0.16859296401174623
보수적 (Pessimistic),sigma_year,0.1429249118695718
보수적 (Pessimistic),sigma_year,0.1265237550834383
보수적 (Pessimistic),sigma_year,0.23575297453722557
보수적 (Pessimistic),sigma_year,0.31622571398607763
보수적 (Pessimistic),sigma_year,0.2472969570565187
보수적 (Pessimistic),sigma_year,0.14286205373857255
보수적 (Pessimistic),sigma_year,0.11577382057715928
보수적 (Pessimistic),sigma_year,0.18435961066203288
보수적 (Pessimistic),sigma_year,0.12458821367652874
보수적 (Pessimistic),sigma_year,0.11695455321936113
보수적 (Pessimistic),sigma_year,0.09781065585514845
보수적 (Pessimistic),sigma_year,0.11641952374336474
보수적 (Pessimistic),sigma_year,0.06099530609587265
보수적 (Pessimistic),sigma_year,0.09781730339712588
보수적 (Pessimistic),sigma_year,0.1007297132342752
보수적 (Pessimistic),sigma_year,0.25497204490491515
보수적 (Pessimistic),sigma_year,0.12686683658618536
보수적 (Pessimistic),sigma_year,0.17978819228446855
보수적 (Pessimistic),sigma_year,0.18047150743912369
보수적 (Pessimistic),sigma_year,0.0692026075652436
보수적 (Pessimistic),sigma_year,0.06830990468664598
보수적 (Pessimistic),sigma_year,0.07413496029410867
보수적 (Pessimistic),sigma_year,0.0681629958431697
보수적 (Pessimistic),sigma_year,0.12861109772490806
보수적 (Pessimistic),sigma_year,0.2131974501428063
보수적 (Pessimistic),sigma_year,0.23746775041170307
보수적 (Pessimistic),sigma_year,0.23712212121511717
보수적 (Pessimistic),sigma_year,0.1969476635955033
보수적 (Pessimistic),sigma_year,0.10836060815716898
보수적 (Pessimistic),sigma_year,0.11619402741885312
보수적 (Pessimistic),sigma_year,0.09679274512458688
보수적 (Pessimistic),sigma_year,0.14885576950334908
보수적 (Pessimistic),sigma_year,0.23506173714415865
보수적 (Pessimistic),sigma_year,0.16130990325354558
보수적 (Pessimistic),sigma_year,0.1361031881851657
보수적 (Pessimistic),sigma_year,0.20376991393027155
보수적 (Pessimistic),sigma_year,0.04619973042717667
보수적 (Pessimistic),sigma_year,0.15654200035286306
보수적 (Pessimistic),sigma_year,0.11500439077475776
보수적 (Pessimistic),sigma_year,0.0615582852269257
보수적 (Pessimistic),sigma_year,0.05804833234186744
보수적 (Pessimistic),sigma_year,0.07444852260055064
보수적 (Pessimistic),sigma_year,0.05541235326718848
보수적 (Pessimistic),sigma_year,0.0625042167227314
보수적 (Pessimistic),sigma_year,0.10263004154760423
보수적 (Pessimistic),sigma_year,0.04882062185469738
보수적 (Pessimistic),sigma_year,0.07134737891690453
보수적 (Pessimistic),sigma_year,0.0999850786320311
보수적 (Pessimistic),sigma_year,0.0536964298685738
보수적 (Pessimistic),sigma_year,0.040175771133031224
보수적 (Pessimistic),sigma_year,0.0815541788938388
보수적 (Pessimistic),sigma_year,0.09335420982728238
보수적 (Pessimistic),sigma_year,0.05092200198634822
보수적 (Pessimistic),sigma_year,0.08626491292348713
보수적 (Pessimistic),sigma_year,0.12409935307951397
보수적 (Pessimistic),sigma_year,0.16178481729729632
보수적 (Pessimistic),sigma_year,0.14004086530606938
보수적 (Pessimistic),sigma_year,0.17951160293056748
보수적 (Pessimistic),sigma_year,0.26005832680586555
보수적 (Pessimistic),sigma_year,0.14490831610420135
보수적 (Pessimistic),sigma_year,0.16885352779989496
보수적 (Pessimistic),sigma_year,0.10929622578583273
보수적 (Pessimistic),sigma_year,0.24825171138132548
보수적 (Pessimistic),sigma_year,0.2709733480422932
보수적 (Pessimistic),sigma_year,0.10624290881308611
보수적 (Pessimistic),sigma_year,0.09427123819547016
보수적 (Pessimistic),sigma_year,0.08216469881807102
보수적 (Pessimistic),sigma_year,0.08167886814170973
보수적 (Pessimistic),sigma_year,0.1492821415520067
보수적 (Pessimistic),sigma_year,0.07937564119816579
보수적 (Pessimistic),sigma_year,0.13141614691175083
보수적 (Pessimistic),sigma_year,0.04589860361082066
보수적 (Pessimistic),sigma_year,0.04093139973548383
보수적 (Pessimistic),sigma_year,0.04310172547784992
보수적 (Pessimistic),sigma_year,0.16314400270405618
보수적 (Pessimistic),sigma_year,0.2132111823305023
보수적 (Pessimistic),sigma_year,0.17887874703190368
보수적 (Pessimistic),sigma_year,0.048711296887020354
보수적 (Pessimistic),sigma_year,0.04328210570343936
보수적 (Pessimistic),sigma_year,0.06374488601338248
